
--Added by during development task #10 MFS Customizations by Dhanil Manuel on 02-05- 14 --

---  Forms
IF NOT EXISTS(SELECT * FROM Forms where FormId = 21122)
BEGIN
SET IDENTITY_INSERT Forms ON
INSERT INTO [Dbo].[Forms]([FormId],[CreatedBy],[CreatedDate],[ModifiedBy],[ModifiedDate],[RecordDeleted],[DeletedDate],[DeletedBy],[FormName],[TableName],[TotalNumberOfColumns],[Active],[RetrieveStoredProcedure],[JavascriptFilePath]) Values( '21122','streamlineapps','Dec 14 2011  9:35AM','streamlineapps','Dec 14 2011  9:35AM',Null,Null,Null,'LOCUS','CustomDocumentLOCUSs','1','Y',Null,Null)
SET IDENTITY_INSERT Forms OFF
END
--Form sections
IF NOT EXISTS(SELECT * FROM FormSections where FormId = 21122)
BEGIN
SET IDENTITY_INSERT FormSections ON
INSERT INTO [Dbo].[FormSections]([FormSectionId],[CreatedBy],[CreatedDate],[ModifiedBy],[ModifiedDate],[RecordDeleted],[DeletedDate],[DeletedBy],[FormId],[SortOrder],[PlaceOnTopOfPage],[SectionLabel],[Active],[SectionEnableCheckBox],[SectionEnableCheckBoxText],[SectionEnableCheckBoxColumnName],[NumberOfColumns],[ShowPencilIcon]) Values( '21410','streamlineapps','Dec 14 2011  9:35AM','streamlineapps','Dec 14 2011  9:35AM',Null,Null,Null,'21122','1',Null,'I. Risk of Harm','Y',Null,Null,Null,Null,Null)
INSERT INTO [Dbo].[FormSections]([FormSectionId],[CreatedBy],[CreatedDate],[ModifiedBy],[ModifiedDate],[RecordDeleted],[DeletedDate],[DeletedBy],[FormId],[SortOrder],[PlaceOnTopOfPage],[SectionLabel],[Active],[SectionEnableCheckBox],[SectionEnableCheckBoxText],[SectionEnableCheckBoxColumnName],[NumberOfColumns],[ShowPencilIcon]) Values( '21411','streamlineapps','Dec 14 2011  9:35AM','streamlineapps','Dec 14 2011  9:35AM',Null,Null,Null,'21122','1',Null,'II. Functional Status','Y',Null,Null,Null,Null,Null)
INSERT INTO [Dbo].[FormSections]([FormSectionId],[CreatedBy],[CreatedDate],[ModifiedBy],[ModifiedDate],[RecordDeleted],[DeletedDate],[DeletedBy],[FormId],[SortOrder],[PlaceOnTopOfPage],[SectionLabel],[Active],[SectionEnableCheckBox],[SectionEnableCheckBoxText],[SectionEnableCheckBoxColumnName],[NumberOfColumns],[ShowPencilIcon]) Values( '21412','streamlineapps','Dec 14 2011  9:35AM','streamlineapps','Dec 14 2011  9:35AM',Null,Null,Null,'21122','1',Null,'III. Medical, Addictive, and Psychiatric Co-Morbidity','Y',Null,Null,Null,Null,Null)
INSERT INTO [Dbo].[FormSections]([FormSectionId],[CreatedBy],[CreatedDate],[ModifiedBy],[ModifiedDate],[RecordDeleted],[DeletedDate],[DeletedBy],[FormId],[SortOrder],[PlaceOnTopOfPage],[SectionLabel],[Active],[SectionEnableCheckBox],[SectionEnableCheckBoxText],[SectionEnableCheckBoxColumnName],[NumberOfColumns],[ShowPencilIcon]) Values( '21413','streamlineapps','Dec 14 2011  9:35AM','streamlineapps','Dec 14 2011  9:35AM',Null,Null,Null,'21122','1',Null,'IV. Recovery Environment','Y',Null,Null,Null,Null,Null)
INSERT INTO [Dbo].[FormSections]([FormSectionId],[CreatedBy],[CreatedDate],[ModifiedBy],[ModifiedDate],[RecordDeleted],[DeletedDate],[DeletedBy],[FormId],[SortOrder],[PlaceOnTopOfPage],[SectionLabel],[Active],[SectionEnableCheckBox],[SectionEnableCheckBoxText],[SectionEnableCheckBoxColumnName],[NumberOfColumns],[ShowPencilIcon]) Values( '21414','streamlineapps','Dec 14 2011  9:35AM','streamlineapps','Dec 14 2011  9:35AM',Null,Null,Null,'21122','1',Null,'V. Treatment and Recovery History','Y',Null,Null,Null,Null,Null)
INSERT INTO [Dbo].[FormSections]([FormSectionId],[CreatedBy],[CreatedDate],[ModifiedBy],[ModifiedDate],[RecordDeleted],[DeletedDate],[DeletedBy],[FormId],[SortOrder],[PlaceOnTopOfPage],[SectionLabel],[Active],[SectionEnableCheckBox],[SectionEnableCheckBoxText],[SectionEnableCheckBoxColumnName],[NumberOfColumns],[ShowPencilIcon]) Values( '21415','streamlineapps','Dec 14 2011  9:35AM','streamlineapps','Dec 14 2011  9:35AM',Null,Null,Null,'21122','1',Null,'VI. Engagement','Y',Null,Null,Null,Null,Null)
INSERT INTO [Dbo].[FormSections]([FormSectionId],[CreatedBy],[CreatedDate],[ModifiedBy],[ModifiedDate],[RecordDeleted],[DeletedDate],[DeletedBy],[FormId],[SortOrder],[PlaceOnTopOfPage],[SectionLabel],[Active],[SectionEnableCheckBox],[SectionEnableCheckBoxText],[SectionEnableCheckBoxColumnName],[NumberOfColumns],[ShowPencilIcon]) Values( '21416','streamlineapps','Dec 14 2011  9:35AM','streamlineapps','Dec 14 2011  9:35AM',Null,Null,Null,'21122','1',Null,'Scoring','Y',Null,Null,Null,Null,Null)
INSERT INTO [Dbo].[FormSections]([FormSectionId],[CreatedBy],[CreatedDate],[ModifiedBy],[ModifiedDate],[RecordDeleted],[DeletedDate],[DeletedBy],[FormId],[SortOrder],[PlaceOnTopOfPage],[SectionLabel],[Active],[SectionEnableCheckBox],[SectionEnableCheckBoxText],[SectionEnableCheckBoxColumnName],[NumberOfColumns],[ShowPencilIcon]) Values( '21417','streamlineapps','Dec 14 2011  9:35AM','streamlineapps','Dec 14 2011  9:35AM',Null,Null,Null,'21122','1',Null,'Comments','Y',Null,Null,Null,Null,Null)

SET IDENTITY_INSERT FormSections OFF
END
-----Form section groups --- 
IF NOT EXISTS(SELECT * FROM FormSectionGroups where FormSectionGroupId between 21200 and 21210)
BEGIN
SET IDENTITY_INSERT FormSectionGroups ON
INSERT INTO [Dbo].[FormSectionGroups]([FormSectionGroupId],[CreatedBy],[CreatedDate],[ModifiedBy],[ModifiedDate],[RecordDeleted],[DeletedDate],[DeletedBy],[GroupName],[FormSectionId],[SortOrder],[GroupLabel],[Active],[GroupEnableCheckBox],[GroupEnableCheckBoxText],[GroupEnableCheckBoxColumnName],[NumberOfItemsInRow],[ShowPencilIcon]) Values( '21200','streamlineapps','Dec 14 2011  9:35AM','streamlineapps','Dec 14 2011  9:35AM',Null,Null,Null,Null,'21410','1',Null,'Y',Null,Null,Null,'2',Null)
INSERT INTO [Dbo].[FormSectionGroups]([FormSectionGroupId],[CreatedBy],[CreatedDate],[ModifiedBy],[ModifiedDate],[RecordDeleted],[DeletedDate],[DeletedBy],[GroupName],[FormSectionId],[SortOrder],[GroupLabel],[Active],[GroupEnableCheckBox],[GroupEnableCheckBoxText],[GroupEnableCheckBoxColumnName],[NumberOfItemsInRow],[ShowPencilIcon]) Values( '21201','streamlineapps','Dec 14 2011  9:35AM','streamlineapps','Dec 14 2011  9:35AM',Null,Null,Null,Null,'21411','1',Null,'Y',Null,Null,Null,'2',Null)
INSERT INTO [Dbo].[FormSectionGroups]([FormSectionGroupId],[CreatedBy],[CreatedDate],[ModifiedBy],[ModifiedDate],[RecordDeleted],[DeletedDate],[DeletedBy],[GroupName],[FormSectionId],[SortOrder],[GroupLabel],[Active],[GroupEnableCheckBox],[GroupEnableCheckBoxText],[GroupEnableCheckBoxColumnName],[NumberOfItemsInRow],[ShowPencilIcon]) Values( '21202','streamlineapps','Dec 14 2011  9:35AM','streamlineapps','Dec 14 2011  9:35AM',Null,Null,Null,Null,'21412','1',Null,'Y',Null,Null,Null,'2',Null)
INSERT INTO [Dbo].[FormSectionGroups]([FormSectionGroupId],[CreatedBy],[CreatedDate],[ModifiedBy],[ModifiedDate],[RecordDeleted],[DeletedDate],[DeletedBy],[GroupName],[FormSectionId],[SortOrder],[GroupLabel],[Active],[GroupEnableCheckBox],[GroupEnableCheckBoxText],[GroupEnableCheckBoxColumnName],[NumberOfItemsInRow],[ShowPencilIcon]) Values( '21203','streamlineapps','Dec 14 2011  9:35AM','streamlineapps','Dec 14 2011  9:35AM',Null,Null,Null,Null,'21413','1',Null,'Y',Null,Null,Null,'1',Null)
INSERT INTO [Dbo].[FormSectionGroups]([FormSectionGroupId],[CreatedBy],[CreatedDate],[ModifiedBy],[ModifiedDate],[RecordDeleted],[DeletedDate],[DeletedBy],[GroupName],[FormSectionId],[SortOrder],[GroupLabel],[Active],[GroupEnableCheckBox],[GroupEnableCheckBoxText],[GroupEnableCheckBoxColumnName],[NumberOfItemsInRow],[ShowPencilIcon]) Values( '21204','streamlineapps','Dec 14 2011  9:35AM','streamlineapps','Dec 14 2011  9:35AM',Null,Null,Null,Null,'21413','1',Null,'Y',Null,Null,Null,'2',Null)
INSERT INTO [Dbo].[FormSectionGroups]([FormSectionGroupId],[CreatedBy],[CreatedDate],[ModifiedBy],[ModifiedDate],[RecordDeleted],[DeletedDate],[DeletedBy],[GroupName],[FormSectionId],[SortOrder],[GroupLabel],[Active],[GroupEnableCheckBox],[GroupEnableCheckBoxText],[GroupEnableCheckBoxColumnName],[NumberOfItemsInRow],[ShowPencilIcon]) Values( '21205','streamlineapps','Dec 14 2011  9:35AM','streamlineapps','Dec 14 2011  9:35AM',Null,Null,Null,Null,'21413','1',Null,'Y',Null,Null,Null,'1',Null)
INSERT INTO [Dbo].[FormSectionGroups]([FormSectionGroupId],[CreatedBy],[CreatedDate],[ModifiedBy],[ModifiedDate],[RecordDeleted],[DeletedDate],[DeletedBy],[GroupName],[FormSectionId],[SortOrder],[GroupLabel],[Active],[GroupEnableCheckBox],[GroupEnableCheckBoxText],[GroupEnableCheckBoxColumnName],[NumberOfItemsInRow],[ShowPencilIcon]) Values( '21206','streamlineapps','Dec 14 2011  9:35AM','streamlineapps','Dec 14 2011  9:35AM',Null,Null,Null,Null,'21413','1',Null,'Y',Null,Null,Null,'2',Null)
INSERT INTO [Dbo].[FormSectionGroups]([FormSectionGroupId],[CreatedBy],[CreatedDate],[ModifiedBy],[ModifiedDate],[RecordDeleted],[DeletedDate],[DeletedBy],[GroupName],[FormSectionId],[SortOrder],[GroupLabel],[Active],[GroupEnableCheckBox],[GroupEnableCheckBoxText],[GroupEnableCheckBoxColumnName],[NumberOfItemsInRow],[ShowPencilIcon]) Values( '21207','streamlineapps','Dec 14 2011  9:35AM','streamlineapps','Dec 14 2011  9:35AM',Null,Null,Null,Null,'21414','1',Null,'Y',Null,Null,Null,'2',Null)
INSERT INTO [Dbo].[FormSectionGroups]([FormSectionGroupId],[CreatedBy],[CreatedDate],[ModifiedBy],[ModifiedDate],[RecordDeleted],[DeletedDate],[DeletedBy],[GroupName],[FormSectionId],[SortOrder],[GroupLabel],[Active],[GroupEnableCheckBox],[GroupEnableCheckBoxText],[GroupEnableCheckBoxColumnName],[NumberOfItemsInRow],[ShowPencilIcon]) Values( '21208','streamlineapps','Dec 14 2011  9:35AM','streamlineapps','Dec 14 2011  9:35AM',Null,Null,Null,Null,'21415','1',Null,'Y',Null,Null,Null,'2',Null)
INSERT INTO [Dbo].[FormSectionGroups]([FormSectionGroupId],[CreatedBy],[CreatedDate],[ModifiedBy],[ModifiedDate],[RecordDeleted],[DeletedDate],[DeletedBy],[GroupName],[FormSectionId],[SortOrder],[GroupLabel],[Active],[GroupEnableCheckBox],[GroupEnableCheckBoxText],[GroupEnableCheckBoxColumnName],[NumberOfItemsInRow],[ShowPencilIcon]) Values( '21209','streamlineapps','Dec 14 2011  9:35AM','streamlineapps','Dec 14 2011  9:35AM',Null,Null,Null,Null,'21416','1',Null,'Y',Null,Null,Null,'2',Null)
INSERT INTO [Dbo].[FormSectionGroups]([FormSectionGroupId],[CreatedBy],[CreatedDate],[ModifiedBy],[ModifiedDate],[RecordDeleted],[DeletedDate],[DeletedBy],[GroupName],[FormSectionId],[SortOrder],[GroupLabel],[Active],[GroupEnableCheckBox],[GroupEnableCheckBoxText],[GroupEnableCheckBoxColumnName],[NumberOfItemsInRow],[ShowPencilIcon]) Values( '21210','streamlineapps','Dec 14 2011  9:35AM','streamlineapps','Dec 14 2011  9:35AM',Null,Null,Null,Null,'21417','1',Null,'Y',Null,Null,Null,'1',Null)



SET IDENTITY_INSERT FormSectionGroups OFF
END

----------FormItems  --- 
IF NOT EXISTS(SELECT * FROM FormItems where FormSectionGroupId between 21200 and 21210)
BEGIN
SET IDENTITY_INSERT FormItems ON
INSERT INTO [Dbo].[FormItems]([FormItemId],[CreatedBy],[CreatedDate],[ModifiedBy],[ModifiedDate],[RecordDeleted],[DeletedDate],[DeletedBy],[FormSectionId],[FormSectionGroupId],[ItemType],[ItemLabel],[SortOrder],[Active],[GlobalCodeCategory],[ItemColumnName],[ItemRequiresComment],[ItemCommentColumnName],[ItemWidth],[MaximumLength],[DropdownType],[SharedTableName],[StoredProcedureName],[ValueField],[TextField],[MultilineEditFieldHeight],[EachRadioButtonOnNewLine],[InformationIcon],[InformationIconStoredProcedure],[ExcludeFromPencilIcon]) Values( '15000','streamlineapps','Dec 14 2011  9:35AM','streamlineapps','Dec 14 2011  9:35AM',Null,Null,Null,'21410','21200','5374','Section I Score:*<span style="padding-left:120px;text-align:left;float:left;"> </span>','1','Y',Null,Null,'N',Null,Null,Null,Null,Null,Null,Null,Null,Null,Null,Null,Null,Null)
INSERT INTO [Dbo].[FormItems]([FormItemId],[CreatedBy],[CreatedDate],[ModifiedBy],[ModifiedDate],[RecordDeleted],[DeletedDate],[DeletedBy],[FormSectionId],[FormSectionGroupId],[ItemType],[ItemLabel],[SortOrder],[Active],[GlobalCodeCategory],[ItemColumnName],[ItemRequiresComment],[ItemCommentColumnName],[ItemWidth],[MaximumLength],[DropdownType],[SharedTableName],[StoredProcedureName],[ValueField],[TextField],[MultilineEditFieldHeight],[EachRadioButtonOnNewLine],[InformationIcon],[InformationIconStoredProcedure],[ExcludeFromPencilIcon]) Values( '15001','streamlineapps','Dec 14 2011  9:35AM','streamlineapps','Dec 14 2011  9:35AM',Null,Null,Null,'21410','21200','5372','','2','Y','                    ','SectionIScore','N',Null,'250',Null,'S',Null,'csp_SCGetLocusSectionIScore','ValueField','TextField',Null,Null,Null,Null,Null)
INSERT INTO [Dbo].[FormItems]([FormItemId],[CreatedBy],[CreatedDate],[ModifiedBy],[ModifiedDate],[RecordDeleted],[DeletedDate],[DeletedBy],[FormSectionId],[FormSectionGroupId],[ItemType],[ItemLabel],[SortOrder],[Active],[GlobalCodeCategory],[ItemColumnName],[ItemRequiresComment],[ItemCommentColumnName],[ItemWidth],[MaximumLength],[DropdownType],[SharedTableName],[StoredProcedureName],[ValueField],[TextField],[MultilineEditFieldHeight],[EachRadioButtonOnNewLine],[InformationIcon],[InformationIconStoredProcedure],[ExcludeFromPencilIcon]) Values( '15002','streamlineapps','Dec 14 2011  9:35AM','streamlineapps','Dec 14 2011  9:35AM',Null,Null,Null,'21411','21201','5374','Section II Score:*<span style="padding-left:120px;text-align:left;float:left;"> </span>','1','Y',Null,Null,'N',Null,Null,Null,Null,Null,Null,Null,Null,Null,Null,Null,Null,Null)
INSERT INTO [Dbo].[FormItems]([FormItemId],[CreatedBy],[CreatedDate],[ModifiedBy],[ModifiedDate],[RecordDeleted],[DeletedDate],[DeletedBy],[FormSectionId],[FormSectionGroupId],[ItemType],[ItemLabel],[SortOrder],[Active],[GlobalCodeCategory],[ItemColumnName],[ItemRequiresComment],[ItemCommentColumnName],[ItemWidth],[MaximumLength],[DropdownType],[SharedTableName],[StoredProcedureName],[ValueField],[TextField],[MultilineEditFieldHeight],[EachRadioButtonOnNewLine],[InformationIcon],[InformationIconStoredProcedure],[ExcludeFromPencilIcon]) Values( '15003','streamlineapps','Dec 14 2011  9:35AM','streamlineapps','Dec 14 2011  9:35AM',Null,Null,Null,'21411','21201','5372','','2','Y','                    ','SectionIIScore','N',Null,'250',Null,'S',Null,'csp_SCGetLocusSectionIIScore','ValueField','TextField',Null,Null,Null,Null,Null)
INSERT INTO [Dbo].[FormItems]([FormItemId],[CreatedBy],[CreatedDate],[ModifiedBy],[ModifiedDate],[RecordDeleted],[DeletedDate],[DeletedBy],[FormSectionId],[FormSectionGroupId],[ItemType],[ItemLabel],[SortOrder],[Active],[GlobalCodeCategory],[ItemColumnName],[ItemRequiresComment],[ItemCommentColumnName],[ItemWidth],[MaximumLength],[DropdownType],[SharedTableName],[StoredProcedureName],[ValueField],[TextField],[MultilineEditFieldHeight],[EachRadioButtonOnNewLine],[InformationIcon],[InformationIconStoredProcedure],[ExcludeFromPencilIcon]) Values( '15004','streamlineapps','Dec 14 2011  9:35AM','streamlineapps','Dec 14 2011  9:35AM',Null,Null,Null,'21412','21202','5374','Section III Score:*<span style="padding-left:120px;text-align:left;float:left;"> </span>','1','Y',Null,Null,'N',Null,Null,Null,Null,Null,Null,Null,Null,Null,Null,Null,Null,Null)
INSERT INTO [Dbo].[FormItems]([FormItemId],[CreatedBy],[CreatedDate],[ModifiedBy],[ModifiedDate],[RecordDeleted],[DeletedDate],[DeletedBy],[FormSectionId],[FormSectionGroupId],[ItemType],[ItemLabel],[SortOrder],[Active],[GlobalCodeCategory],[ItemColumnName],[ItemRequiresComment],[ItemCommentColumnName],[ItemWidth],[MaximumLength],[DropdownType],[SharedTableName],[StoredProcedureName],[ValueField],[TextField],[MultilineEditFieldHeight],[EachRadioButtonOnNewLine],[InformationIcon],[InformationIconStoredProcedure],[ExcludeFromPencilIcon]) Values( '15005','streamlineapps','Dec 14 2011  9:35AM','streamlineapps','Dec 14 2011  9:35AM',Null,Null,Null,'21412','21202','5372','','2','Y','                    ','SectionIIIScore','N',Null,'250',Null,'S',Null,'csp_SCGetLocusSectionIIIScore','ValueField','TextField',Null,Null,Null,Null,Null)
INSERT INTO [Dbo].[FormItems]([FormItemId],[CreatedBy],[CreatedDate],[ModifiedBy],[ModifiedDate],[RecordDeleted],[DeletedDate],[DeletedBy],[FormSectionId],[FormSectionGroupId],[ItemType],[ItemLabel],[SortOrder],[Active],[GlobalCodeCategory],[ItemColumnName],[ItemRequiresComment],[ItemCommentColumnName],[ItemWidth],[MaximumLength],[DropdownType],[SharedTableName],[StoredProcedureName],[ValueField],[TextField],[MultilineEditFieldHeight],[EachRadioButtonOnNewLine],[InformationIcon],[InformationIconStoredProcedure],[ExcludeFromPencilIcon]) Values( '15006','streamlineapps','Dec 14 2011  9:35AM','streamlineapps','Dec 14 2011  9:35AM',Null,Null,Null,'21413','21203','5374','<b>A) Level of Stress</b>','1','Y',Null,Null,'N',Null,Null,Null,Null,Null,Null,Null,Null,Null,Null,Null,Null,Null)
INSERT INTO [Dbo].[FormItems]([FormItemId],[CreatedBy],[CreatedDate],[ModifiedBy],[ModifiedDate],[RecordDeleted],[DeletedDate],[DeletedBy],[FormSectionId],[FormSectionGroupId],[ItemType],[ItemLabel],[SortOrder],[Active],[GlobalCodeCategory],[ItemColumnName],[ItemRequiresComment],[ItemCommentColumnName],[ItemWidth],[MaximumLength],[DropdownType],[SharedTableName],[StoredProcedureName],[ValueField],[TextField],[MultilineEditFieldHeight],[EachRadioButtonOnNewLine],[InformationIcon],[InformationIconStoredProcedure],[ExcludeFromPencilIcon]) Values( '15007','streamlineapps','Dec 14 2011  9:35AM','streamlineapps','Dec 14 2011  9:35AM',Null,Null,Null,'21413','21204','5374','Section IV. A Score:*<span style="padding-left:120px;text-align:left;float:left;"> </span>','1','Y',Null,Null,'N',Null,Null,Null,Null,Null,Null,Null,Null,Null,Null,Null,Null,Null)
INSERT INTO [Dbo].[FormItems]([FormItemId],[CreatedBy],[CreatedDate],[ModifiedBy],[ModifiedDate],[RecordDeleted],[DeletedDate],[DeletedBy],[FormSectionId],[FormSectionGroupId],[ItemType],[ItemLabel],[SortOrder],[Active],[GlobalCodeCategory],[ItemColumnName],[ItemRequiresComment],[ItemCommentColumnName],[ItemWidth],[MaximumLength],[DropdownType],[SharedTableName],[StoredProcedureName],[ValueField],[TextField],[MultilineEditFieldHeight],[EachRadioButtonOnNewLine],[InformationIcon],[InformationIconStoredProcedure],[ExcludeFromPencilIcon]) Values( '15008','streamlineapps','Dec 14 2011  9:35AM','streamlineapps','Dec 14 2011  9:35AM',Null,Null,Null,'21413','21204','5372','','2','Y','                    ','SectionIVaScore','N',Null,'250',Null,'S',Null,'csp_SCGetLocusSectionIVaScore','ValueField','TextField',Null,Null,Null,Null,Null)
INSERT INTO [Dbo].[FormItems]([FormItemId],[CreatedBy],[CreatedDate],[ModifiedBy],[ModifiedDate],[RecordDeleted],[DeletedDate],[DeletedBy],[FormSectionId],[FormSectionGroupId],[ItemType],[ItemLabel],[SortOrder],[Active],[GlobalCodeCategory],[ItemColumnName],[ItemRequiresComment],[ItemCommentColumnName],[ItemWidth],[MaximumLength],[DropdownType],[SharedTableName],[StoredProcedureName],[ValueField],[TextField],[MultilineEditFieldHeight],[EachRadioButtonOnNewLine],[InformationIcon],[InformationIconStoredProcedure],[ExcludeFromPencilIcon]) Values( '15009','streamlineapps','Dec 14 2011  9:35AM','streamlineapps','Dec 14 2011  9:35AM',Null,Null,Null,'21413','21205','5374','<b>B) Level of Support</b>','1','Y',Null,Null,'N',Null,Null,Null,Null,Null,Null,Null,Null,Null,Null,Null,Null,Null)
INSERT INTO [Dbo].[FormItems]([FormItemId],[CreatedBy],[CreatedDate],[ModifiedBy],[ModifiedDate],[RecordDeleted],[DeletedDate],[DeletedBy],[FormSectionId],[FormSectionGroupId],[ItemType],[ItemLabel],[SortOrder],[Active],[GlobalCodeCategory],[ItemColumnName],[ItemRequiresComment],[ItemCommentColumnName],[ItemWidth],[MaximumLength],[DropdownType],[SharedTableName],[StoredProcedureName],[ValueField],[TextField],[MultilineEditFieldHeight],[EachRadioButtonOnNewLine],[InformationIcon],[InformationIconStoredProcedure],[ExcludeFromPencilIcon]) Values( '15010','streamlineapps','Dec 14 2011  9:35AM','streamlineapps','Dec 14 2011  9:35AM',Null,Null,Null,'21413','21206','5374','Section IV. B Score:*<span style="padding-left:120px;text-align:left;float:left;"> </span>','1','Y',Null,Null,'N',Null,Null,Null,Null,Null,Null,Null,Null,Null,Null,Null,Null,Null)
INSERT INTO [Dbo].[FormItems]([FormItemId],[CreatedBy],[CreatedDate],[ModifiedBy],[ModifiedDate],[RecordDeleted],[DeletedDate],[DeletedBy],[FormSectionId],[FormSectionGroupId],[ItemType],[ItemLabel],[SortOrder],[Active],[GlobalCodeCategory],[ItemColumnName],[ItemRequiresComment],[ItemCommentColumnName],[ItemWidth],[MaximumLength],[DropdownType],[SharedTableName],[StoredProcedureName],[ValueField],[TextField],[MultilineEditFieldHeight],[EachRadioButtonOnNewLine],[InformationIcon],[InformationIconStoredProcedure],[ExcludeFromPencilIcon]) Values( '15011','streamlineapps','Dec 14 2011  9:35AM','streamlineapps','Dec 14 2011  9:35AM',Null,Null,Null,'21413','21206','5372','','2','Y','                    ','SectionIVbScore','N',Null,'250',Null,'S',Null,'csp_SCGetLocusSectionIVbScore','ValueField','TextField',Null,Null,Null,Null,Null)
INSERT INTO [Dbo].[FormItems]([FormItemId],[CreatedBy],[CreatedDate],[ModifiedBy],[ModifiedDate],[RecordDeleted],[DeletedDate],[DeletedBy],[FormSectionId],[FormSectionGroupId],[ItemType],[ItemLabel],[SortOrder],[Active],[GlobalCodeCategory],[ItemColumnName],[ItemRequiresComment],[ItemCommentColumnName],[ItemWidth],[MaximumLength],[DropdownType],[SharedTableName],[StoredProcedureName],[ValueField],[TextField],[MultilineEditFieldHeight],[EachRadioButtonOnNewLine],[InformationIcon],[InformationIconStoredProcedure],[ExcludeFromPencilIcon]) Values( '15012','streamlineapps','Dec 14 2011  9:35AM','streamlineapps','Dec 14 2011  9:35AM',Null,Null,Null,'21414','21207','5374','Section V Score:*<span style="padding-left:120px;text-align:left;float:left;"> </span>','1','Y',Null,Null,'N',Null,Null,Null,Null,Null,Null,Null,Null,Null,Null,Null,Null,Null)
INSERT INTO [Dbo].[FormItems]([FormItemId],[CreatedBy],[CreatedDate],[ModifiedBy],[ModifiedDate],[RecordDeleted],[DeletedDate],[DeletedBy],[FormSectionId],[FormSectionGroupId],[ItemType],[ItemLabel],[SortOrder],[Active],[GlobalCodeCategory],[ItemColumnName],[ItemRequiresComment],[ItemCommentColumnName],[ItemWidth],[MaximumLength],[DropdownType],[SharedTableName],[StoredProcedureName],[ValueField],[TextField],[MultilineEditFieldHeight],[EachRadioButtonOnNewLine],[InformationIcon],[InformationIconStoredProcedure],[ExcludeFromPencilIcon]) Values( '15013','streamlineapps','Dec 14 2011  9:35AM','streamlineapps','Dec 14 2011  9:35AM',Null,Null,Null,'21414','21207','5372','','2','Y','                    ','SectionVScore','N',Null,'400',Null,'S',Null,'csp_SCGetLocusSectionVScore','ValueField','TextField',Null,Null,Null,Null,Null)
INSERT INTO [Dbo].[FormItems]([FormItemId],[CreatedBy],[CreatedDate],[ModifiedBy],[ModifiedDate],[RecordDeleted],[DeletedDate],[DeletedBy],[FormSectionId],[FormSectionGroupId],[ItemType],[ItemLabel],[SortOrder],[Active],[GlobalCodeCategory],[ItemColumnName],[ItemRequiresComment],[ItemCommentColumnName],[ItemWidth],[MaximumLength],[DropdownType],[SharedTableName],[StoredProcedureName],[ValueField],[TextField],[MultilineEditFieldHeight],[EachRadioButtonOnNewLine],[InformationIcon],[InformationIconStoredProcedure],[ExcludeFromPencilIcon]) Values( '15014','streamlineapps','Dec 14 2011  9:35AM','streamlineapps','Dec 14 2011  9:35AM',Null,Null,Null,'21415','21208','5374','Section VI Score:*<span style="padding-left:120px;text-align:left;float:left;"> </span>','1','Y',Null,Null,'N',Null,Null,Null,Null,Null,Null,Null,Null,Null,Null,Null,Null,Null)
INSERT INTO [Dbo].[FormItems]([FormItemId],[CreatedBy],[CreatedDate],[ModifiedBy],[ModifiedDate],[RecordDeleted],[DeletedDate],[DeletedBy],[FormSectionId],[FormSectionGroupId],[ItemType],[ItemLabel],[SortOrder],[Active],[GlobalCodeCategory],[ItemColumnName],[ItemRequiresComment],[ItemCommentColumnName],[ItemWidth],[MaximumLength],[DropdownType],[SharedTableName],[StoredProcedureName],[ValueField],[TextField],[MultilineEditFieldHeight],[EachRadioButtonOnNewLine],[InformationIcon],[InformationIconStoredProcedure],[ExcludeFromPencilIcon]) Values( '15015','streamlineapps','Dec 14 2011  9:35AM','streamlineapps','Dec 14 2011  9:35AM',Null,Null,Null,'21415','21208','5372','','2','Y','                    ','SectionVIScore','N',Null,'250',Null,'S',Null,'csp_SCGetLocusSectionVIScore','ValueField','TextField',Null,Null,Null,Null,Null)
INSERT INTO [Dbo].[FormItems]([FormItemId],[CreatedBy],[CreatedDate],[ModifiedBy],[ModifiedDate],[RecordDeleted],[DeletedDate],[DeletedBy],[FormSectionId],[FormSectionGroupId],[ItemType],[ItemLabel],[SortOrder],[Active],[GlobalCodeCategory],[ItemColumnName],[ItemRequiresComment],[ItemCommentColumnName],[ItemWidth],[MaximumLength],[DropdownType],[SharedTableName],[StoredProcedureName],[ValueField],[TextField],[MultilineEditFieldHeight],[EachRadioButtonOnNewLine],[InformationIcon],[InformationIconStoredProcedure],[ExcludeFromPencilIcon]) Values( '15016','streamlineapps','Dec 14 2011  9:35AM','streamlineapps','Dec 14 2011  9:35AM',Null,Null,Null,'21416','21209','5374','<span style=padding-right:155px;><b>Composite Score:*</b></span>','1','Y',Null,Null,'N',Null,Null,Null,Null,Null,Null,Null,Null,Null,Null,Null,Null,Null)
INSERT INTO [Dbo].[FormItems]([FormItemId],[CreatedBy],[CreatedDate],[ModifiedBy],[ModifiedDate],[RecordDeleted],[DeletedDate],[DeletedBy],[FormSectionId],[FormSectionGroupId],[ItemType],[ItemLabel],[SortOrder],[Active],[GlobalCodeCategory],[ItemColumnName],[ItemRequiresComment],[ItemCommentColumnName],[ItemWidth],[MaximumLength],[DropdownType],[SharedTableName],[StoredProcedureName],[ValueField],[TextField],[MultilineEditFieldHeight],[EachRadioButtonOnNewLine],[InformationIcon],[InformationIconStoredProcedure],[ExcludeFromPencilIcon]) Values( '15017','streamlineapps','Dec 14 2011  9:35AM','streamlineapps','Dec 14 2011  9:35AM',Null,Null,Null,'21416','21209','5366','','2','Y',Null,'CompositeScore','N',Null,'50','2',Null,Null,Null,Null,Null,Null,Null,Null,Null,Null)
INSERT INTO [Dbo].[FormItems]([FormItemId],[CreatedBy],[CreatedDate],[ModifiedBy],[ModifiedDate],[RecordDeleted],[DeletedDate],[DeletedBy],[FormSectionId],[FormSectionGroupId],[ItemType],[ItemLabel],[SortOrder],[Active],[GlobalCodeCategory],[ItemColumnName],[ItemRequiresComment],[ItemCommentColumnName],[ItemWidth],[MaximumLength],[DropdownType],[SharedTableName],[StoredProcedureName],[ValueField],[TextField],[MultilineEditFieldHeight],[EachRadioButtonOnNewLine],[InformationIcon],[InformationIconStoredProcedure],[ExcludeFromPencilIcon]) Values( '15018','streamlineapps','Dec 14 2011  9:35AM','streamlineapps','Dec 14 2011  9:35AM',Null,Null,Null,'21416','21209','5374','<b>LOCUS Recommended Level of Care:*</b>','3','Y',Null,Null,'N',Null,Null,Null,Null,Null,Null,Null,Null,Null,Null,Null,Null,Null)
INSERT INTO [Dbo].[FormItems]([FormItemId],[CreatedBy],[CreatedDate],[ModifiedBy],[ModifiedDate],[RecordDeleted],[DeletedDate],[DeletedBy],[FormSectionId],[FormSectionGroupId],[ItemType],[ItemLabel],[SortOrder],[Active],[GlobalCodeCategory],[ItemColumnName],[ItemRequiresComment],[ItemCommentColumnName],[ItemWidth],[MaximumLength],[DropdownType],[SharedTableName],[StoredProcedureName],[ValueField],[TextField],[MultilineEditFieldHeight],[EachRadioButtonOnNewLine],[InformationIcon],[InformationIconStoredProcedure],[ExcludeFromPencilIcon]) Values( '15019','streamlineapps','Dec 14 2011  9:35AM','streamlineapps','Dec 14 2011  9:35AM',Null,Null,Null,'21416','21209','5372','','4','Y','                    ','LOCUSRecommendedLevelOfCare','N',Null,'278',Null,'S',Null,'csp_SCGetLocusServiceLevelofCare','ValueField','TextField',Null,Null,Null,Null,Null)
INSERT INTO [Dbo].[FormItems]([FormItemId],[CreatedBy],[CreatedDate],[ModifiedBy],[ModifiedDate],[RecordDeleted],[DeletedDate],[DeletedBy],[FormSectionId],[FormSectionGroupId],[ItemType],[ItemLabel],[SortOrder],[Active],[GlobalCodeCategory],[ItemColumnName],[ItemRequiresComment],[ItemCommentColumnName],[ItemWidth],[MaximumLength],[DropdownType],[SharedTableName],[StoredProcedureName],[ValueField],[TextField],[MultilineEditFieldHeight],[EachRadioButtonOnNewLine],[InformationIcon],[InformationIconStoredProcedure],[ExcludeFromPencilIcon]) Values( '15020','streamlineapps','Dec 14 2011  9:35AM','streamlineapps','Dec 14 2011  9:35AM',Null,Null,Null,'21416','21209','5374','<span style=padding-right:88px;><b>Assessor Recommended Level of Care:*</b></span>','5','Y',Null,Null,'N',Null,Null,Null,Null,Null,Null,Null,Null,Null,Null,Null,Null,Null)
INSERT INTO [Dbo].[FormItems]([FormItemId],[CreatedBy],[CreatedDate],[ModifiedBy],[ModifiedDate],[RecordDeleted],[DeletedDate],[DeletedBy],[FormSectionId],[FormSectionGroupId],[ItemType],[ItemLabel],[SortOrder],[Active],[GlobalCodeCategory],[ItemColumnName],[ItemRequiresComment],[ItemCommentColumnName],[ItemWidth],[MaximumLength],[DropdownType],[SharedTableName],[StoredProcedureName],[ValueField],[TextField],[MultilineEditFieldHeight],[EachRadioButtonOnNewLine],[InformationIcon],[InformationIconStoredProcedure],[ExcludeFromPencilIcon]) Values( '15021','streamlineapps','Dec 14 2011  9:35AM','streamlineapps','Dec 14 2011  9:35AM',Null,Null,Null,'21416','21209','5372','','6','Y','                    ','AssessorRecommendedLevelOfCare','N',Null,'278',Null,'S',Null,'csp_SCGetLocusServiceLevelofCare','ValueField','TextField',Null,Null,Null,Null,Null)
INSERT INTO [Dbo].[FormItems]([FormItemId],[CreatedBy],[CreatedDate],[ModifiedBy],[ModifiedDate],[RecordDeleted],[DeletedDate],[DeletedBy],[FormSectionId],[FormSectionGroupId],[ItemType],[ItemLabel],[SortOrder],[Active],[GlobalCodeCategory],[ItemColumnName],[ItemRequiresComment],[ItemCommentColumnName],[ItemWidth],[MaximumLength],[DropdownType],[SharedTableName],[StoredProcedureName],[ValueField],[TextField],[MultilineEditFieldHeight],[EachRadioButtonOnNewLine],[InformationIcon],[InformationIconStoredProcedure],[ExcludeFromPencilIcon]) Values( '15022','streamlineapps','Dec 14 2011  9:35AM','streamlineapps','Dec 14 2011  9:35AM',Null,Null,Null,'21416','21209','5374','<span style=padding-right:88px;>Reason/justification for deviation (if assessor recommendation differs from LOCUS recommendation):</b></span>','7','Y',Null,Null,'N',Null,Null,Null,Null,Null,Null,Null,Null,Null,Null,Null,Null,Null)
INSERT INTO [Dbo].[FormItems]([FormItemId],[CreatedBy],[CreatedDate],[ModifiedBy],[ModifiedDate],[RecordDeleted],[DeletedDate],[DeletedBy],[FormSectionId],[FormSectionGroupId],[ItemType],[ItemLabel],[SortOrder],[Active],[GlobalCodeCategory],[ItemColumnName],[ItemRequiresComment],[ItemCommentColumnName],[ItemWidth],[MaximumLength],[DropdownType],[SharedTableName],[StoredProcedureName],[ValueField],[TextField],[MultilineEditFieldHeight],[EachRadioButtonOnNewLine],[InformationIcon],[InformationIconStoredProcedure],[ExcludeFromPencilIcon]) Values( '15023','streamlineapps','Dec 14 2011  9:35AM','streamlineapps','Dec 14 2011  9:35AM',Null,Null,Null,'21416','21209','5363','','8','Y','                    ','ReasonForDeviation','N',Null,'270',Null,'S',Null,'','ValueField','TextField','50',Null,Null,Null,Null)
INSERT INTO [Dbo].[FormItems]([FormItemId],[CreatedBy],[CreatedDate],[ModifiedBy],[ModifiedDate],[RecordDeleted],[DeletedDate],[DeletedBy],[FormSectionId],[FormSectionGroupId],[ItemType],[ItemLabel],[SortOrder],[Active],[GlobalCodeCategory],[ItemColumnName],[ItemRequiresComment],[ItemCommentColumnName],[ItemWidth],[MaximumLength],[DropdownType],[SharedTableName],[StoredProcedureName],[ValueField],[TextField],[MultilineEditFieldHeight],[EachRadioButtonOnNewLine],[InformationIcon],[InformationIconStoredProcedure],[ExcludeFromPencilIcon]) Values( '15024','streamlineapps','Dec 14 2011  9:35AM','streamlineapps','Dec 14 2011  9:35AM',Null,Null,Null,'21417','21210','5363','','8','Y','                    ','Comments','N',Null,'750',Null,'S',Null,'','ValueField','TextField','50',Null,Null,Null,Null)

SET IDENTITY_INSERT FormItems OFF
END
--formcollections
IF NOT EXISTS(SELECT * FROM formcollections where FormCollectionId = 7)
BEGIN
SET IDENTITY_INSERT formcollections ON
insert into formcollections (FormCollectionId,CreatedBy,CreatedDate,ModifiedBy,ModifiedDate,RecordDeleted,DeletedDate,DeletedBy,
NumberOfForms) values( 7,'streamlineapps','2011-12-14 09:35:08.653','streamlineapps','2011-12-14 09:35:08.653',NULL	,NULL,NULL,1)
SET IDENTITY_INSERT formcollections OFF
END
IF NOT EXISTS(SELECT * FROM FormCollectionForms where FormCollectionId = 7)
BEGIN
insert into FormCollectionForms select 'SHCWebAppUser',GETDATE(),'SHCWebAppUser',GETDATE(),null,null,null,7,21122,'Y',1
--Document codes entry
END

IF NOT EXISTS(SELECT * FROM DocumentCodes where DocumentCodeId = 30027)
BEGIN
SET IDENTITY_INSERT DocumentCodes ON
INSERT [dbo].[DocumentCodes] ([DocumentCodeId], [CreatedBy], [CreatedDate], [ModifiedBy], [ModifiedDate], [RecordDeleted], [DeletedDate], [DeletedBy], [DocumentName], [DocumentDescription], [DocumentType], [Active], [ServiceNote], [PatientConsent], [ViewDocument], [OnlyAvailableOnline], [ImageFormatType], [DefaultImageFolderId], [ImageFormat], [ViewDocumentURL], [ViewDocumentRDL], [StoredProcedure], [TableList], [RequiresSignature], [ViewOnlyDocument], [DocumentSchema], [DocumentHTML], [DocumentURL], [ToBeInitialized], [InitializationProcess], [InitializationStoredProcedure], [FormCollectionId], [ValidationStoredProcedure], [ViewStoredProcedure], [MetadataFormId], [TextTemplate], [RequiresLicensedSignature], [ReviewFormId], [NewValidationStoredProcedure], [AllowEditingByNonAuthors], [EnableEditValidationStoredProcedure], [MedicationReconciliationDocument], [MultipleCredentials], [RecreatePDFOnClientSignature], [DiagnosisDocument], [RegenerateRDLOnCoSignature], [DefaultCoSigner], [DefaultGuardian], [Need5Columns], [SignatureDateAsEffectiveDate], [FamilyHistoryDocument]) VALUES (30027, N'streamlineapps', GETDATE(), N'streamlineapps', GETDATE(), NULL, NULL, NULL, N'LOCUS', NULL, 10, N'Y', N'N', NULL, NULL, N'Y', NULL, NULL, NULL, N'RDLCustomDocumentLOCUSs', N'RDLCustomDocumentLOCUSs', N'csp_SCGetCustomDocumentLocuss', N'CustomDocumentLOCUSs', N'Y', NULL, NULL, NULL, NULL, NULL, NULL, NULL, 7, NULL, N'csp_RDLCustomDocumentLOCUSs', NULL, NULL, NULL, NULL, NULL, NULL, NULL, NULL, NULL, NULL, NULL, NULL, NULL, NULL, NULL, NULL, NULL)
SET IDENTITY_INSERT DocumentCodes OFF
END
----------Screens table entry

IF NOT EXISTS(SELECT * FROM screens where ScreenId = 30921)
BEGIN
SET IDENTITY_INSERT screens ON
INSERT INTO [Dbo].[screens]([ScreenId],[CreatedBy],[CreatedDate],[ModifiedBy],[ModifiedDate],[RecordDeleted],[DeletedBy],[DeletedDate],[ScreenName],[ScreenType],[ScreenURL],[ScreenToolbarURL],[TabId],[InitializationStoredProcedure],[ValidationStoredProcedureUpdate],[ValidationStoredProcedureComplete],[WarningStoredProcedureComplete],[PostUpdateStoredProcedure],[RefreshPermissionsAfterUpdate],[DocumentCodeId],[CustomFieldFormId],[HelpURL],[MessageReferenceType],[PrimaryKeyName],[KeyPhraseCategory],[ScreenParamters],[WarningStoreProcedureUpdate]) Values( '30921','streamlineapps','Dec 14 2011  9:35AM','streamlineapps','Dec 14 2011  9:35AM',Null,Null,Null,'LOCUS','5763','/Custom/LOCUS/WebPages/LOCUS.ascx',Null,'2','csp_InitCustomDocumentLOCUSs',Null,'csp_ValidateCustomDocumentLOCUSs',Null,Null,Null,'30027',Null,'../Help/Thresh_Custom/overview.htm?#LOCUS.htm',Null,Null,'21139',Null,Null)
SET IDENTITY_INSERT screens OFF
END

IF NOT EXISTS (SELECT * FROM dbo.Banners WHERE BannerName = 'LOCUS')
	begin
		INSERT dbo.Banners
				( BannerName ,
				  DisplayAs ,
				  Active ,
				  DefaultOrder ,
				  Custom ,
				  TabId ,
				  ParentBannerId ,
				  ScreenId
				)
		VALUES  ( 'LOCUS' ,
				  'LOCUS' ,
				  'Y' ,
				  1 ,
				  'Y' ,
				  2 ,
				  21 ,
				  30921
				)
				end
				else
				begin
				update Banners
				set 
				 BannerName ='LOCUS',
				  DisplayAs ='LOCUS',
				  Active ='Y',
				  DefaultOrder =1,
				  Custom= 'Y',
				  TabId =2,
				  ParentBannerId=21 ,
				  ScreenId=30921
				  where BannerName='LOCUS'
				
				end	
				
				
