UPDATE GlobalCodes SET SortOrder = NULL WHERE Category = 'PERMISSIONTEMPLATETP'

IF NOT EXISTS(select 1 from GlobalCodes where GlobalCodeId = 5927)
BEGIN
	SET IDENTITY_INSERT [dbo].[GlobalCodes] ON
	INSERT INTO GlobalCodes(GlobalCodeId, Category,CodeName,Code,Active,CannotModifyNameOrDelete)
	VALUES(5927,'PERMISSIONTEMPLATETP','Actions and Banners Template','ACTIONSANDBANNERSTEMPLATE','Y','Y')
	SET IDENTITY_INSERT [dbo].[GlobalCodes] OFF
END

IF NOT EXISTS (SELECT 1 FROM GlobalCodeCategories WHERE Category = 'ACTIONTEMPLATES')
BEGIN
	INSERT INTO [GlobalCodeCategories] (Category,CategoryName,Active,AllowAddDelete,AllowCodeNameEdit,AllowSortOrderEdit,UserDefinedCategory,HasSubcodes)
	VALUES ('ACTIONTEMPLATES','ACTIONTEMPLATES','Y','Y','Y','Y','N','N')
END

IF NOT EXISTS (SELECT 1 FROM [GlobalCodes] WHERE Category = 'ACTIONTEMPLATES' AND CodeName = 'Administrator Template')
BEGIN
	INSERT INTO [GlobalCodes] ([Category],[CodeName],[Code],[Active],[CannotModifyNameOrDelete])
	VALUES ('ACTIONTEMPLATES','Administrator Template','Administrator','Y','Y')
END

IF NOT EXISTS (SELECT 1 FROM [GlobalCodes] WHERE Category = 'ACTIONTEMPLATES' AND CodeName = 'Clinician Template')
BEGIN
	INSERT INTO [GlobalCodes] ([Category],[CodeName],[Code],[Active],[CannotModifyNameOrDelete])
	VALUES ('ACTIONTEMPLATES','Clinician Template','Clinician','Y','Y')
END

IF NOT EXISTS (SELECT 1 FROM [GlobalCodes] WHERE Category = 'ACTIONTEMPLATES' AND CodeName = 'Doctor/Prescriber/Nurse Template')
BEGIN
	INSERT INTO [GlobalCodes] ([Category],[CodeName],[Code],[Active],[CannotModifyNameOrDelete])
	VALUES ('ACTIONTEMPLATES','Doctor/Prescriber/Nurse Template','Doctor/Prescriber/Nurse','Y','Y')
END

IF NOT EXISTS (SELECT 1 FROM [GlobalCodes] WHERE Category = 'ACTIONTEMPLATES' AND CodeName = 'Financial/Billing Staff Template')
BEGIN
	INSERT INTO [GlobalCodes] ([Category],[CodeName],[Code],[Active],[CannotModifyNameOrDelete])
	VALUES ('ACTIONTEMPLATES','Financial/Billing Staff Template','Financial/Billing Staff','Y','Y')
END

IF NOT EXISTS (SELECT 1 FROM [GlobalCodes] WHERE Category = 'ACTIONTEMPLATES' AND CodeName = 'Patient/Client Template')
BEGIN
	INSERT INTO [GlobalCodes] ([Category],[CodeName],[Code],[Active],[CannotModifyNameOrDelete])
	VALUES ('ACTIONTEMPLATES','Patient/Client Template','Patient/Client','Y','Y')
END

IF NOT EXISTS (SELECT 1 FROM [GlobalCodes] WHERE Category = 'ACTIONTEMPLATES' AND CodeName = 'Receptionist Template')
BEGIN
	INSERT INTO [GlobalCodes] ([Category],[CodeName],[Code],[Active],[CannotModifyNameOrDelete])
	VALUES ('ACTIONTEMPLATES','Receptionist Template','Receptionist','Y','Y')
END

IF NOT EXISTS (SELECT 1 FROM [GlobalCodes] WHERE Category = 'ACTIONTEMPLATES' AND CodeName = 'Patient/Client Template')
BEGIN
	INSERT INTO [GlobalCodes] ([Category],[CodeName],[Code],[Active],[CannotModifyNameOrDelete])
	VALUES ('ACTIONTEMPLATES','Patient/Client Template','Patient/Client','Y','Y')
END


DELETE FROM PreferredActionTemplates
SET IDENTITY_INSERT [dbo].[PreferredActionTemplates] ON
INSERT [dbo].[PreferredActionTemplates] ([PreferredActionTemplateId], [CreatedBy], [CreatedDate], [ModifiedBy], [ModifiedDate], [RecordDeleted], [DeletedBy], [DeletedDate], [TemplateName]) VALUES (1, N'shstest', CAST(0x0000A78400C3383D AS DateTime), N'shstest', CAST(0x0000A78400C3383D AS DateTime), NULL, NULL, NULL, N'Administrator')
INSERT [dbo].[PreferredActionTemplates] ([PreferredActionTemplateId], [CreatedBy], [CreatedDate], [ModifiedBy], [ModifiedDate], [RecordDeleted], [DeletedBy], [DeletedDate], [TemplateName]) VALUES (2, N'shstest', CAST(0x0000A78400C33DF8 AS DateTime), N'shstest', CAST(0x0000A78400C33DF8 AS DateTime), NULL, NULL, NULL, N'Clinician')
INSERT [dbo].[PreferredActionTemplates] ([PreferredActionTemplateId], [CreatedBy], [CreatedDate], [ModifiedBy], [ModifiedDate], [RecordDeleted], [DeletedBy], [DeletedDate], [TemplateName]) VALUES (3, N'shstest', CAST(0x0000A79100EF7B6B AS DateTime), N'shstest', CAST(0x0000A79100EF7B6B AS DateTime), NULL, NULL, NULL, N'Receptionist')
INSERT [dbo].[PreferredActionTemplates] ([PreferredActionTemplateId], [CreatedBy], [CreatedDate], [ModifiedBy], [ModifiedDate], [RecordDeleted], [DeletedBy], [DeletedDate], [TemplateName]) VALUES (4, N'shstest', CAST(0x0000A79100F178DD AS DateTime), N'shstest', CAST(0x0000A79100F178DD AS DateTime), NULL, NULL, NULL, N'Doctor/Prescriber/Nurse')
INSERT [dbo].[PreferredActionTemplates] ([PreferredActionTemplateId], [CreatedBy], [CreatedDate], [ModifiedBy], [ModifiedDate], [RecordDeleted], [DeletedBy], [DeletedDate], [TemplateName]) VALUES (5, N'shstest', CAST(0x0000A79100F4DCEB AS DateTime), N'shstest', CAST(0x0000A79100F4DCEB AS DateTime), NULL, NULL, NULL, N'Financial/Billing Staff')
INSERT [dbo].[PreferredActionTemplates] ([PreferredActionTemplateId], [CreatedBy], [CreatedDate], [ModifiedBy], [ModifiedDate], [RecordDeleted], [DeletedBy], [DeletedDate], [TemplateName]) VALUES (6, N'shstest', CAST(0x0000A79100F9EC8D AS DateTime), N'shstest', CAST(0x0000A79100F9EC8D AS DateTime), NULL, NULL, NULL, N'Patient/Client')
SET IDENTITY_INSERT [dbo].[PreferredActionTemplates] OFF

DELETE FROM PreferredClientBannerItems
SET IDENTITY_INSERT [dbo].[PreferredClientBannerItems] ON
INSERT [dbo].[PreferredClientBannerItems] ([PreferredClientBannerItemId], [CreatedBy], [CreatedDate], [ModifiedBy], [ModifiedDate], [RecordDeleted], [DeletedBy], [DeletedDate], [PreferredActionTemplateId], [BannerId]) VALUES (1, N'shstest', CAST(0x0000A79100D74511 AS DateTime), N'shstest', CAST(0x0000A79100D74511 AS DateTime), NULL, NULL, NULL, 1, 406)
INSERT [dbo].[PreferredClientBannerItems] ([PreferredClientBannerItemId], [CreatedBy], [CreatedDate], [ModifiedBy], [ModifiedDate], [RecordDeleted], [DeletedBy], [DeletedDate], [PreferredActionTemplateId], [BannerId]) VALUES (2, N'shstest', CAST(0x0000A79100D75139 AS DateTime), N'shstest', CAST(0x0000A79100D75139 AS DateTime), NULL, NULL, NULL, 1, 126)
INSERT [dbo].[PreferredClientBannerItems] ([PreferredClientBannerItemId], [CreatedBy], [CreatedDate], [ModifiedBy], [ModifiedDate], [RecordDeleted], [DeletedBy], [DeletedDate], [PreferredActionTemplateId], [BannerId]) VALUES (3, N'shstest', CAST(0x0000A79100D757C0 AS DateTime), N'shstest', CAST(0x0000A79100D757C0 AS DateTime), NULL, NULL, NULL, 1, 909)
INSERT [dbo].[PreferredClientBannerItems] ([PreferredClientBannerItemId], [CreatedBy], [CreatedDate], [ModifiedBy], [ModifiedDate], [RecordDeleted], [DeletedBy], [DeletedDate], [PreferredActionTemplateId], [BannerId]) VALUES (4, N'shstest', CAST(0x0000A79100D75A41 AS DateTime), N'shstest', CAST(0x0000A79100D75A41 AS DateTime), NULL, NULL, NULL, 1, 21)
INSERT [dbo].[PreferredClientBannerItems] ([PreferredClientBannerItemId], [CreatedBy], [CreatedDate], [ModifiedBy], [ModifiedDate], [RecordDeleted], [DeletedBy], [DeletedDate], [PreferredActionTemplateId], [BannerId]) VALUES (5, N'shstest', CAST(0x0000A79100EE830E AS DateTime), N'shstest', CAST(0x0000A79100EE830E AS DateTime), NULL, NULL, NULL, 2, 126)
INSERT [dbo].[PreferredClientBannerItems] ([PreferredClientBannerItemId], [CreatedBy], [CreatedDate], [ModifiedBy], [ModifiedDate], [RecordDeleted], [DeletedBy], [DeletedDate], [PreferredActionTemplateId], [BannerId]) VALUES (6, N'shstest', CAST(0x0000A79100EE8869 AS DateTime), N'shstest', CAST(0x0000A79100EE8869 AS DateTime), NULL, NULL, NULL, 2, 909)
INSERT [dbo].[PreferredClientBannerItems] ([PreferredClientBannerItemId], [CreatedBy], [CreatedDate], [ModifiedBy], [ModifiedDate], [RecordDeleted], [DeletedBy], [DeletedDate], [PreferredActionTemplateId], [BannerId]) VALUES (7, N'shstest', CAST(0x0000A79100EED100 AS DateTime), N'shstest', CAST(0x0000A79100EED100 AS DateTime), NULL, NULL, NULL, 2, 110)
INSERT [dbo].[PreferredClientBannerItems] ([PreferredClientBannerItemId], [CreatedBy], [CreatedDate], [ModifiedBy], [ModifiedDate], [RecordDeleted], [DeletedBy], [DeletedDate], [PreferredActionTemplateId], [BannerId]) VALUES (8, N'shstest', CAST(0x0000A79100EEF850 AS DateTime), N'shstest', CAST(0x0000A79100EEF850 AS DateTime), NULL, NULL, NULL, 2, 183)
INSERT [dbo].[PreferredClientBannerItems] ([PreferredClientBannerItemId], [CreatedBy], [CreatedDate], [ModifiedBy], [ModifiedDate], [RecordDeleted], [DeletedBy], [DeletedDate], [PreferredActionTemplateId], [BannerId]) VALUES (9, N'shstest', CAST(0x0000A79100F0421F AS DateTime), N'shstest', CAST(0x0000A79100F0421F AS DateTime), NULL, NULL, NULL, 3, 126)
INSERT [dbo].[PreferredClientBannerItems] ([PreferredClientBannerItemId], [CreatedBy], [CreatedDate], [ModifiedBy], [ModifiedDate], [RecordDeleted], [DeletedBy], [DeletedDate], [PreferredActionTemplateId], [BannerId]) VALUES (10, N'shstest', CAST(0x0000A79100F0479C AS DateTime), N'shstest', CAST(0x0000A79100F0479C AS DateTime), NULL, NULL, NULL, 3, 909)
INSERT [dbo].[PreferredClientBannerItems] ([PreferredClientBannerItemId], [CreatedBy], [CreatedDate], [ModifiedBy], [ModifiedDate], [RecordDeleted], [DeletedBy], [DeletedDate], [PreferredActionTemplateId], [BannerId]) VALUES (11, N'shstest', CAST(0x0000A79100F07209 AS DateTime), N'shstest', CAST(0x0000A79100F07209 AS DateTime), NULL, NULL, NULL, 3, 406)
INSERT [dbo].[PreferredClientBannerItems] ([PreferredClientBannerItemId], [CreatedBy], [CreatedDate], [ModifiedBy], [ModifiedDate], [RecordDeleted], [DeletedBy], [DeletedDate], [PreferredActionTemplateId], [BannerId]) VALUES (12, N'shstest', CAST(0x0000A79100F0A161 AS DateTime), N'shstest', CAST(0x0000A79100F0A161 AS DateTime), NULL, NULL, NULL, 3, 408)
INSERT [dbo].[PreferredClientBannerItems] ([PreferredClientBannerItemId], [CreatedBy], [CreatedDate], [ModifiedBy], [ModifiedDate], [RecordDeleted], [DeletedBy], [DeletedDate], [PreferredActionTemplateId], [BannerId]) VALUES (13, N'shstest', CAST(0x0000A79100F1001F AS DateTime), N'shstest', CAST(0x0000A79100F1001F AS DateTime), NULL, NULL, NULL, 3, 363)
INSERT [dbo].[PreferredClientBannerItems] ([PreferredClientBannerItemId], [CreatedBy], [CreatedDate], [ModifiedBy], [ModifiedDate], [RecordDeleted], [DeletedBy], [DeletedDate], [PreferredActionTemplateId], [BannerId]) VALUES (14, N'shstest', CAST(0x0000A79100F3E640 AS DateTime), N'shstest', CAST(0x0000A79100F3E640 AS DateTime), NULL, NULL, NULL, 4, 897)
INSERT [dbo].[PreferredClientBannerItems] ([PreferredClientBannerItemId], [CreatedBy], [CreatedDate], [ModifiedBy], [ModifiedDate], [RecordDeleted], [DeletedBy], [DeletedDate], [PreferredActionTemplateId], [BannerId]) VALUES (15, N'shstest', CAST(0x0000A79100F3E939 AS DateTime), N'shstest', CAST(0x0000A79100F3E939 AS DateTime), NULL, NULL, NULL, 4, 110)
INSERT [dbo].[PreferredClientBannerItems] ([PreferredClientBannerItemId], [CreatedBy], [CreatedDate], [ModifiedBy], [ModifiedDate], [RecordDeleted], [DeletedBy], [DeletedDate], [PreferredActionTemplateId], [BannerId]) VALUES (16, N'shstest', CAST(0x0000A79100F41286 AS DateTime), N'shstest', CAST(0x0000A79100F41286 AS DateTime), NULL, NULL, NULL, 4, 21)
INSERT [dbo].[PreferredClientBannerItems] ([PreferredClientBannerItemId], [CreatedBy], [CreatedDate], [ModifiedBy], [ModifiedDate], [RecordDeleted], [DeletedBy], [DeletedDate], [PreferredActionTemplateId], [BannerId]) VALUES (17, N'shstest', CAST(0x0000A79100F43CE9 AS DateTime), N'shstest', CAST(0x0000A79100F43CE9 AS DateTime), NULL, NULL, NULL, 4, 429)
INSERT [dbo].[PreferredClientBannerItems] ([PreferredClientBannerItemId], [CreatedBy], [CreatedDate], [ModifiedBy], [ModifiedDate], [RecordDeleted], [DeletedBy], [DeletedDate], [PreferredActionTemplateId], [BannerId]) VALUES (18, N'shstest', CAST(0x0000A79100F4591B AS DateTime), N'shstest', CAST(0x0000A79100F4591B AS DateTime), NULL, NULL, NULL, 4, 518)
INSERT [dbo].[PreferredClientBannerItems] ([PreferredClientBannerItemId], [CreatedBy], [CreatedDate], [ModifiedBy], [ModifiedDate], [RecordDeleted], [DeletedBy], [DeletedDate], [PreferredActionTemplateId], [BannerId]) VALUES (19, N'shstest', CAST(0x0000A79100F8F37C AS DateTime), N'shstest', CAST(0x0000A79100F8F37C AS DateTime), NULL, NULL, NULL, 5, 406)
INSERT [dbo].[PreferredClientBannerItems] ([PreferredClientBannerItemId], [CreatedBy], [CreatedDate], [ModifiedBy], [ModifiedDate], [RecordDeleted], [DeletedBy], [DeletedDate], [PreferredActionTemplateId], [BannerId]) VALUES (20, N'shstest', CAST(0x0000A79100F9000F AS DateTime), N'shstest', CAST(0x0000A79100F9000F AS DateTime), NULL, NULL, NULL, 5, 126)
INSERT [dbo].[PreferredClientBannerItems] ([PreferredClientBannerItemId], [CreatedBy], [CreatedDate], [ModifiedBy], [ModifiedDate], [RecordDeleted], [DeletedBy], [DeletedDate], [PreferredActionTemplateId], [BannerId]) VALUES (21, N'shstest', CAST(0x0000A79100F90ADB AS DateTime), N'shstest', CAST(0x0000A79100F90ADB AS DateTime), NULL, NULL, NULL, 5, 909)
INSERT [dbo].[PreferredClientBannerItems] ([PreferredClientBannerItemId], [CreatedBy], [CreatedDate], [ModifiedBy], [ModifiedDate], [RecordDeleted], [DeletedBy], [DeletedDate], [PreferredActionTemplateId], [BannerId]) VALUES (22, N'shstest', CAST(0x0000A79100F920F4 AS DateTime), N'shstest', CAST(0x0000A79100F920F4 AS DateTime), NULL, NULL, NULL, 5, 408)
INSERT [dbo].[PreferredClientBannerItems] ([PreferredClientBannerItemId], [CreatedBy], [CreatedDate], [ModifiedBy], [ModifiedDate], [RecordDeleted], [DeletedBy], [DeletedDate], [PreferredActionTemplateId], [BannerId]) VALUES (23, N'shstest', CAST(0x0000A79100F98B17 AS DateTime), N'shstest', CAST(0x0000A79100F98B17 AS DateTime), NULL, NULL, NULL, 5, 101)
INSERT [dbo].[PreferredClientBannerItems] ([PreferredClientBannerItemId], [CreatedBy], [CreatedDate], [ModifiedBy], [ModifiedDate], [RecordDeleted], [DeletedBy], [DeletedDate], [PreferredActionTemplateId], [BannerId]) VALUES (24, N'shstest', CAST(0x0000A79100F9A5C3 AS DateTime), N'shstest', CAST(0x0000A79100F9A5C3 AS DateTime), NULL, NULL, NULL, 5, 363)
SET IDENTITY_INSERT [dbo].[PreferredClientBannerItems] OFF


DELETE FROM PreferredActionTemplateItems
SET IDENTITY_INSERT [dbo].[PreferredActionTemplateItems] ON
INSERT [dbo].[PreferredActionTemplateItems] ([PreferredActionTemplateItemId], [CreatedBy], [CreatedDate], [ModifiedBy], [ModifiedDate], [RecordDeleted], [DeletedBy], [DeletedDate], [PreferredActionTemplateId], [ItemName], [AssociatedScreenId], [DefaultFilters], [SortOrder], [PageAction], [ScreenTabIndex], [ListPageScreenId]) VALUES (1, N'shstest', CAST(0x0000A790012D163C AS DateTime), N'shstest', CAST(0x0000A790012D163C AS DateTime), NULL, NULL, NULL, 1, N'New Staff', 329, NULL, 2, N'new', NULL, 84)
INSERT [dbo].[PreferredActionTemplateItems] ([PreferredActionTemplateItemId], [CreatedBy], [CreatedDate], [ModifiedBy], [ModifiedDate], [RecordDeleted], [DeletedBy], [DeletedDate], [PreferredActionTemplateId], [ItemName], [AssociatedScreenId], [DefaultFilters], [SortOrder], [PageAction], [ScreenTabIndex], [ListPageScreenId]) VALUES (2, N'shstest', CAST(0x0000A790012D5D20 AS DateTime), N'shstest', CAST(0x0000A790012D5D20 AS DateTime), NULL, NULL, NULL, 1, N'New Program', 313, NULL, 3, N'new', NULL, 312)
INSERT [dbo].[PreferredActionTemplateItems] ([PreferredActionTemplateItemId], [CreatedBy], [CreatedDate], [ModifiedBy], [ModifiedDate], [RecordDeleted], [DeletedBy], [DeletedDate], [PreferredActionTemplateId], [ItemName], [AssociatedScreenId], [DefaultFilters], [SortOrder], [PageAction], [ScreenTabIndex], [ListPageScreenId]) VALUES (3, N'shstest', CAST(0x0000A790012D89FE AS DateTime), N'shstest', CAST(0x0000A790012D89FE AS DateTime), NULL, NULL, NULL, 1, N'New Location', 307, NULL, 4, N'new', NULL, 306)
INSERT [dbo].[PreferredActionTemplateItems] ([PreferredActionTemplateItemId], [CreatedBy], [CreatedDate], [ModifiedBy], [ModifiedDate], [RecordDeleted], [DeletedBy], [DeletedDate], [PreferredActionTemplateId], [ItemName], [AssociatedScreenId], [DefaultFilters], [SortOrder], [PageAction], [ScreenTabIndex], [ListPageScreenId]) VALUES (4, N'shstest', CAST(0x0000A7900131DF7A AS DateTime), N'shstest', CAST(0x0000A7900131DF7A AS DateTime), NULL, NULL, NULL, 1, N'New Message (My Office)', 15, NULL, 1, NULL, 2, NULL)
INSERT [dbo].[PreferredActionTemplateItems] ([PreferredActionTemplateItemId], [CreatedBy], [CreatedDate], [ModifiedBy], [ModifiedDate], [RecordDeleted], [DeletedBy], [DeletedDate], [PreferredActionTemplateId], [ItemName], [AssociatedScreenId], [DefaultFilters], [SortOrder], [PageAction], [ScreenTabIndex], [ListPageScreenId]) VALUES (5, N'shstest', CAST(0x0000A79100DFD227 AS DateTime), N'shstest', CAST(0x0000A79100DFD227 AS DateTime), NULL, NULL, NULL, 2, N'New Calendar Entry', 28, NULL, 1, NULL, NULL, NULL)
INSERT [dbo].[PreferredActionTemplateItems] ([PreferredActionTemplateItemId], [CreatedBy], [CreatedDate], [ModifiedBy], [ModifiedDate], [RecordDeleted], [DeletedBy], [DeletedDate], [PreferredActionTemplateId], [ItemName], [AssociatedScreenId], [DefaultFilters], [SortOrder], [PageAction], [ScreenTabIndex], [ListPageScreenId]) VALUES (6, N'shstest', CAST(0x0000A79100DFE26F AS DateTime), N'shstest', CAST(0x0000A79100DFE26F AS DateTime), NULL, NULL, NULL, 2, N'New Contact Note', 924, NULL, 2, N'new', NULL, 923)
INSERT [dbo].[PreferredActionTemplateItems] ([PreferredActionTemplateItemId], [CreatedBy], [CreatedDate], [ModifiedBy], [ModifiedDate], [RecordDeleted], [DeletedBy], [DeletedDate], [PreferredActionTemplateId], [ItemName], [AssociatedScreenId], [DefaultFilters], [SortOrder], [PageAction], [ScreenTabIndex], [ListPageScreenId]) VALUES (7, N'shstest', CAST(0x0000A79100DFECD5 AS DateTime), N'shstest', CAST(0x0000A79100DFECD5 AS DateTime), NULL, NULL, NULL, 2, N'New Flag', 373, NULL, 3, N'new', NULL, 372)
INSERT [dbo].[PreferredActionTemplateItems] ([PreferredActionTemplateItemId], [CreatedBy], [CreatedDate], [ModifiedBy], [ModifiedDate], [RecordDeleted], [DeletedBy], [DeletedDate], [PreferredActionTemplateId], [ItemName], [AssociatedScreenId], [DefaultFilters], [SortOrder], [PageAction], [ScreenTabIndex], [ListPageScreenId]) VALUES (8, N'shstest', CAST(0x0000A79100DFF7EF AS DateTime), N'shstest', CAST(0x0000A79100DFF7EF AS DateTime), NULL, NULL, NULL, 2, N'New Life Event', 211, NULL, 4, N'new', NULL, 212)
INSERT [dbo].[PreferredActionTemplateItems] ([PreferredActionTemplateItemId], [CreatedBy], [CreatedDate], [ModifiedBy], [ModifiedDate], [RecordDeleted], [DeletedBy], [DeletedDate], [PreferredActionTemplateId], [ItemName], [AssociatedScreenId], [DefaultFilters], [SortOrder], [PageAction], [ScreenTabIndex], [ListPageScreenId]) VALUES (9, N'shstest', CAST(0x0000A79100E00083 AS DateTime), N'shstest', CAST(0x0000A79100E00083 AS DateTime), NULL, NULL, NULL, 2, N'Enter vitals', 716, N'HealthDataTemplateId=110^HealthRecordDate=CurrentDateTime', 5, N'new', NULL, 715)
INSERT [dbo].[PreferredActionTemplateItems] ([PreferredActionTemplateItemId], [CreatedBy], [CreatedDate], [ModifiedBy], [ModifiedDate], [RecordDeleted], [DeletedBy], [DeletedDate], [PreferredActionTemplateId], [ItemName], [AssociatedScreenId], [DefaultFilters], [SortOrder], [PageAction], [ScreenTabIndex], [ListPageScreenId]) VALUES (10, N'shstest', CAST(0x0000A79100E00D79 AS DateTime), N'shstest', CAST(0x0000A79100E00D79 AS DateTime), NULL, NULL, NULL, 2, N'New Service Note', 29, NULL, 6, N'new', NULL, 45)
INSERT [dbo].[PreferredActionTemplateItems] ([PreferredActionTemplateItemId], [CreatedBy], [CreatedDate], [ModifiedBy], [ModifiedDate], [RecordDeleted], [DeletedBy], [DeletedDate], [PreferredActionTemplateId], [ItemName], [AssociatedScreenId], [DefaultFilters], [SortOrder], [PageAction], [ScreenTabIndex], [ListPageScreenId]) VALUES (11, N'shstest', CAST(0x0000A79100E016EA AS DateTime), N'shstest', CAST(0x0000A79100E016EA AS DateTime), NULL, NULL, NULL, 2, N'Show BMI Graph', 715, NULL, 7, NULL, 1, NULL)
INSERT [dbo].[PreferredActionTemplateItems] ([PreferredActionTemplateItemId], [CreatedBy], [CreatedDate], [ModifiedBy], [ModifiedDate], [RecordDeleted], [DeletedBy], [DeletedDate], [PreferredActionTemplateId], [ItemName], [AssociatedScreenId], [DefaultFilters], [SortOrder], [PageAction], [ScreenTabIndex], [ListPageScreenId]) VALUES (12, N'shstest', CAST(0x0000A79100E01F57 AS DateTime), N'shstest', CAST(0x0000A79100E01F57 AS DateTime), NULL, NULL, NULL, 2, N'Show Blood Pressure Systolic Graph', 715, NULL, 8, NULL, 1, NULL)
INSERT [dbo].[PreferredActionTemplateItems] ([PreferredActionTemplateItemId], [CreatedBy], [CreatedDate], [ModifiedBy], [ModifiedDate], [RecordDeleted], [DeletedBy], [DeletedDate], [PreferredActionTemplateId], [ItemName], [AssociatedScreenId], [DefaultFilters], [SortOrder], [PageAction], [ScreenTabIndex], [ListPageScreenId]) VALUES (13, N'shstest', CAST(0x0000A79100E028F8 AS DateTime), N'shstest', CAST(0x0000A79100E028F8 AS DateTime), NULL, NULL, NULL, 2, N'Show Blood Pressure Diastolic Graph', 715, NULL, 9, NULL, 1, NULL)
INSERT [dbo].[PreferredActionTemplateItems] ([PreferredActionTemplateItemId], [CreatedBy], [CreatedDate], [ModifiedBy], [ModifiedDate], [RecordDeleted], [DeletedBy], [DeletedDate], [PreferredActionTemplateId], [ItemName], [AssociatedScreenId], [DefaultFilters], [SortOrder], [PageAction], [ScreenTabIndex], [ListPageScreenId]) VALUES (14, N'shstest', CAST(0x0000A79100E031EB AS DateTime), N'shstest', CAST(0x0000A79100E031EB AS DateTime), NULL, NULL, NULL, 2, N'New Message (My Office)', 15, NULL, 10, NULL, 2, NULL)
INSERT [dbo].[PreferredActionTemplateItems] ([PreferredActionTemplateItemId], [CreatedBy], [CreatedDate], [ModifiedBy], [ModifiedDate], [RecordDeleted], [DeletedBy], [DeletedDate], [PreferredActionTemplateId], [ItemName], [AssociatedScreenId], [DefaultFilters], [SortOrder], [PageAction], [ScreenTabIndex], [ListPageScreenId]) VALUES (15, N'shstest', CAST(0x0000A79100E094AC AS DateTime), N'shstest', CAST(0x0000A79100E094AC AS DateTime), NULL, NULL, NULL, 3, N'New Contact Note', 924, NULL, 1, N'new', NULL, 923)
INSERT [dbo].[PreferredActionTemplateItems] ([PreferredActionTemplateItemId], [CreatedBy], [CreatedDate], [ModifiedBy], [ModifiedDate], [RecordDeleted], [DeletedBy], [DeletedDate], [PreferredActionTemplateId], [ItemName], [AssociatedScreenId], [DefaultFilters], [SortOrder], [PageAction], [ScreenTabIndex], [ListPageScreenId]) VALUES (16, N'shstest', CAST(0x0000A79100EFD0E0 AS DateTime), N'shstest', CAST(0x0000A79100EFD0E0 AS DateTime), NULL, NULL, NULL, 3, N'New Message (My Office)', 15, NULL, 2, NULL, 2, NULL)
INSERT [dbo].[PreferredActionTemplateItems] ([PreferredActionTemplateItemId], [CreatedBy], [CreatedDate], [ModifiedBy], [ModifiedDate], [RecordDeleted], [DeletedBy], [DeletedDate], [PreferredActionTemplateId], [ItemName], [AssociatedScreenId], [DefaultFilters], [SortOrder], [PageAction], [ScreenTabIndex], [ListPageScreenId]) VALUES (17, N'shstest', CAST(0x0000A79100F1E37B AS DateTime), N'shstest', CAST(0x0000A79100F1E37B AS DateTime), NULL, NULL, NULL, 4, N'Review Queued Orders', NULL, NULL, 1, NULL, NULL, NULL)
INSERT [dbo].[PreferredActionTemplateItems] ([PreferredActionTemplateItemId], [CreatedBy], [CreatedDate], [ModifiedBy], [ModifiedDate], [RecordDeleted], [DeletedBy], [DeletedDate], [PreferredActionTemplateId], [ItemName], [AssociatedScreenId], [DefaultFilters], [SortOrder], [PageAction], [ScreenTabIndex], [ListPageScreenId]) VALUES (18, N'shstest', CAST(0x0000A79100F1E6F6 AS DateTime), N'shstest', CAST(0x0000A79100F1E6F6 AS DateTime), NULL, NULL, NULL, 4, N'Review Verbal Orders', NULL, NULL, 2, NULL, NULL, NULL)
INSERT [dbo].[PreferredActionTemplateItems] ([PreferredActionTemplateItemId], [CreatedBy], [CreatedDate], [ModifiedBy], [ModifiedDate], [RecordDeleted], [DeletedBy], [DeletedDate], [PreferredActionTemplateId], [ItemName], [AssociatedScreenId], [DefaultFilters], [SortOrder], [PageAction], [ScreenTabIndex], [ListPageScreenId]) VALUES (19, N'shstest', CAST(0x0000A79100F1F1AD AS DateTime), N'shstest', CAST(0x0000A79100F1F1AD AS DateTime), NULL, NULL, NULL, 4, N'New Medications Consent', NULL, NULL, 3, NULL, NULL, NULL)
INSERT [dbo].[PreferredActionTemplateItems] ([PreferredActionTemplateItemId], [CreatedBy], [CreatedDate], [ModifiedBy], [ModifiedDate], [RecordDeleted], [DeletedBy], [DeletedDate], [PreferredActionTemplateId], [ItemName], [AssociatedScreenId], [DefaultFilters], [SortOrder], [PageAction], [ScreenTabIndex], [ListPageScreenId]) VALUES (20, N'shstest', CAST(0x0000A79100F1FAD2 AS DateTime), N'shstest', CAST(0x0000A79100F1FAD2 AS DateTime), NULL, NULL, NULL, 4, N'View Medication History', 985, NULL, 4, NULL, NULL, NULL)
INSERT [dbo].[PreferredActionTemplateItems] ([PreferredActionTemplateItemId], [CreatedBy], [CreatedDate], [ModifiedBy], [ModifiedDate], [RecordDeleted], [DeletedBy], [DeletedDate], [PreferredActionTemplateId], [ItemName], [AssociatedScreenId], [DefaultFilters], [SortOrder], [PageAction], [ScreenTabIndex], [ListPageScreenId]) VALUES (21, N'shstest', CAST(0x0000A79100F20360 AS DateTime), N'shstest', CAST(0x0000A79100F20360 AS DateTime), NULL, NULL, NULL, 4, N'Refill Expired Medications', 105, NULL, 5, NULL, NULL, NULL)
INSERT [dbo].[PreferredActionTemplateItems] ([PreferredActionTemplateItemId], [CreatedBy], [CreatedDate], [ModifiedBy], [ModifiedDate], [RecordDeleted], [DeletedBy], [DeletedDate], [PreferredActionTemplateId], [ItemName], [AssociatedScreenId], [DefaultFilters], [SortOrder], [PageAction], [ScreenTabIndex], [ListPageScreenId]) VALUES (22, N'shstest', CAST(0x0000A79100F20C68 AS DateTime), N'shstest', CAST(0x0000A79100F20C68 AS DateTime), NULL, NULL, NULL, 4, N'New Order', 902, NULL, 6, N'new', NULL, 901)
INSERT [dbo].[PreferredActionTemplateItems] ([PreferredActionTemplateItemId], [CreatedBy], [CreatedDate], [ModifiedBy], [ModifiedDate], [RecordDeleted], [DeletedBy], [DeletedDate], [PreferredActionTemplateId], [ItemName], [AssociatedScreenId], [DefaultFilters], [SortOrder], [PageAction], [ScreenTabIndex], [ListPageScreenId]) VALUES (23, N'shstest', CAST(0x0000A79100F21581 AS DateTime), N'shstest', CAST(0x0000A79100F21581 AS DateTime), NULL, NULL, NULL, 4, N'Enter Vitals', 716, N'HealthDataTemplateId=110^HealthRecordDate=CurrentDateTime', 7, N'new', NULL, 715)
INSERT [dbo].[PreferredActionTemplateItems] ([PreferredActionTemplateItemId], [CreatedBy], [CreatedDate], [ModifiedBy], [ModifiedDate], [RecordDeleted], [DeletedBy], [DeletedDate], [PreferredActionTemplateId], [ItemName], [AssociatedScreenId], [DefaultFilters], [SortOrder], [PageAction], [ScreenTabIndex], [ListPageScreenId]) VALUES (24, N'shstest', CAST(0x0000A79100F21FAD AS DateTime), N'shstest', CAST(0x0000A79100F21FAD AS DateTime), NULL, NULL, NULL, 4, N'Show BMI Graph', 715, NULL, 8, NULL, 1, NULL)
INSERT [dbo].[PreferredActionTemplateItems] ([PreferredActionTemplateItemId], [CreatedBy], [CreatedDate], [ModifiedBy], [ModifiedDate], [RecordDeleted], [DeletedBy], [DeletedDate], [PreferredActionTemplateId], [ItemName], [AssociatedScreenId], [DefaultFilters], [SortOrder], [PageAction], [ScreenTabIndex], [ListPageScreenId]) VALUES (25, N'shstest', CAST(0x0000A79100F22A10 AS DateTime), N'shstest', CAST(0x0000A79100F22A10 AS DateTime), NULL, NULL, NULL, 4, N'Show Blood Pressure Systolic Graph', 715, NULL, 9, NULL, 1, NULL)
INSERT [dbo].[PreferredActionTemplateItems] ([PreferredActionTemplateItemId], [CreatedBy], [CreatedDate], [ModifiedBy], [ModifiedDate], [RecordDeleted], [DeletedBy], [DeletedDate], [PreferredActionTemplateId], [ItemName], [AssociatedScreenId], [DefaultFilters], [SortOrder], [PageAction], [ScreenTabIndex], [ListPageScreenId]) VALUES (26, N'shstest', CAST(0x0000A79100F23562 AS DateTime), N'shstest', CAST(0x0000A79100F23562 AS DateTime), NULL, NULL, NULL, 4, N'Show Blood Pressure Diastolic Graph', 715, NULL, 10, NULL, 1, NULL)
INSERT [dbo].[PreferredActionTemplateItems] ([PreferredActionTemplateItemId], [CreatedBy], [CreatedDate], [ModifiedBy], [ModifiedDate], [RecordDeleted], [DeletedBy], [DeletedDate], [PreferredActionTemplateId], [ItemName], [AssociatedScreenId], [DefaultFilters], [SortOrder], [PageAction], [ScreenTabIndex], [ListPageScreenId]) VALUES (27, N'shstest', CAST(0x0000A79100F24060 AS DateTime), N'shstest', CAST(0x0000A79100F24060 AS DateTime), NULL, NULL, NULL, 4, N'New Contact Note', 924, NULL, 11, N'new', NULL, 923)
INSERT [dbo].[PreferredActionTemplateItems] ([PreferredActionTemplateItemId], [CreatedBy], [CreatedDate], [ModifiedBy], [ModifiedDate], [RecordDeleted], [DeletedBy], [DeletedDate], [PreferredActionTemplateId], [ItemName], [AssociatedScreenId], [DefaultFilters], [SortOrder], [PageAction], [ScreenTabIndex], [ListPageScreenId]) VALUES (28, N'shstest', CAST(0x0000A79100F2497B AS DateTime), N'shstest', CAST(0x0000A79100F2497B AS DateTime), NULL, NULL, NULL, 4, N'New Message (My Office)', 15, NULL, 12, NULL, 2, NULL)
INSERT [dbo].[PreferredActionTemplateItems] ([PreferredActionTemplateItemId], [CreatedBy], [CreatedDate], [ModifiedBy], [ModifiedDate], [RecordDeleted], [DeletedBy], [DeletedDate], [PreferredActionTemplateId], [ItemName], [AssociatedScreenId], [DefaultFilters], [SortOrder], [PageAction], [ScreenTabIndex], [ListPageScreenId]) VALUES (29, N'shstest', CAST(0x0000A79100F2525D AS DateTime), N'shstest', CAST(0x0000A79100F2525D AS DateTime), NULL, NULL, NULL, 4, N'New Flag', 373, NULL, 13, N'new', NULL, 372)
INSERT [dbo].[PreferredActionTemplateItems] ([PreferredActionTemplateItemId], [CreatedBy], [CreatedDate], [ModifiedBy], [ModifiedDate], [RecordDeleted], [DeletedBy], [DeletedDate], [PreferredActionTemplateId], [ItemName], [AssociatedScreenId], [DefaultFilters], [SortOrder], [PageAction], [ScreenTabIndex], [ListPageScreenId]) VALUES (30, N'shstest', CAST(0x0000A79100F25BED AS DateTime), N'shstest', CAST(0x0000A79100F25BED AS DateTime), NULL, NULL, NULL, 4, N'New Calendar Entry', 28, NULL, 14, NULL, NULL, NULL)
INSERT [dbo].[PreferredActionTemplateItems] ([PreferredActionTemplateItemId], [CreatedBy], [CreatedDate], [ModifiedBy], [ModifiedDate], [RecordDeleted], [DeletedBy], [DeletedDate], [PreferredActionTemplateId], [ItemName], [AssociatedScreenId], [DefaultFilters], [SortOrder], [PageAction], [ScreenTabIndex], [ListPageScreenId]) VALUES (31, N'shstest', CAST(0x0000A79100F50C5E AS DateTime), N'shstest', CAST(0x0000A79100F50C5E AS DateTime), NULL, NULL, NULL, 5, N'Enter Client Payment', 322, NULL, 1, NULL, NULL, NULL)
INSERT [dbo].[PreferredActionTemplateItems] ([PreferredActionTemplateItemId], [CreatedBy], [CreatedDate], [ModifiedBy], [ModifiedDate], [RecordDeleted], [DeletedBy], [DeletedDate], [PreferredActionTemplateId], [ItemName], [AssociatedScreenId], [DefaultFilters], [SortOrder], [PageAction], [ScreenTabIndex], [ListPageScreenId]) VALUES (32, N'shstest', CAST(0x0000A79100F51660 AS DateTime), N'shstest', CAST(0x0000A79100F51660 AS DateTime), NULL, NULL, NULL, 5, N'Enter Payer Payment', 322, NULL, 2, NULL, NULL, NULL)
INSERT [dbo].[PreferredActionTemplateItems] ([PreferredActionTemplateItemId], [CreatedBy], [CreatedDate], [ModifiedBy], [ModifiedDate], [RecordDeleted], [DeletedBy], [DeletedDate], [PreferredActionTemplateId], [ItemName], [AssociatedScreenId], [DefaultFilters], [SortOrder], [PageAction], [ScreenTabIndex], [ListPageScreenId]) VALUES (33, N'shstest', CAST(0x0000A79100F52153 AS DateTime), N'shstest', CAST(0x0000A79100F52153 AS DateTime), NULL, NULL, NULL, 5, N'New Authorization', 498, NULL, 3, NULL, NULL, 740)
INSERT [dbo].[PreferredActionTemplateItems] ([PreferredActionTemplateItemId], [CreatedBy], [CreatedDate], [ModifiedBy], [ModifiedDate], [RecordDeleted], [DeletedBy], [DeletedDate], [PreferredActionTemplateId], [ItemName], [AssociatedScreenId], [DefaultFilters], [SortOrder], [PageAction], [ScreenTabIndex], [ListPageScreenId]) VALUES (34, N'shstest', CAST(0x0000A79100F52B86 AS DateTime), N'shstest', CAST(0x0000A79100F52B86 AS DateTime), NULL, NULL, NULL, 5, N'New Service', 207, NULL, 4, N'new', NULL, 386)
INSERT [dbo].[PreferredActionTemplateItems] ([PreferredActionTemplateItemId], [CreatedBy], [CreatedDate], [ModifiedBy], [ModifiedDate], [RecordDeleted], [DeletedBy], [DeletedDate], [PreferredActionTemplateId], [ItemName], [AssociatedScreenId], [DefaultFilters], [SortOrder], [PageAction], [ScreenTabIndex], [ListPageScreenId]) VALUES (35, N'shstest', CAST(0x0000A79100F53579 AS DateTime), N'shstest', CAST(0x0000A79100F53579 AS DateTime), NULL, NULL, NULL, 5, N'New Contact Note', 924, NULL, 5, N'new', NULL, 923)
INSERT [dbo].[PreferredActionTemplateItems] ([PreferredActionTemplateItemId], [CreatedBy], [CreatedDate], [ModifiedBy], [ModifiedDate], [RecordDeleted], [DeletedBy], [DeletedDate], [PreferredActionTemplateId], [ItemName], [AssociatedScreenId], [DefaultFilters], [SortOrder], [PageAction], [ScreenTabIndex], [ListPageScreenId]) VALUES (36, N'shstest', CAST(0x0000A79100F53FBD AS DateTime), N'shstest', CAST(0x0000A79100F53FBD AS DateTime), NULL, NULL, NULL, 5, N'New Message (My Office)', 15, NULL, 6, NULL, 2, NULL)
INSERT [dbo].[PreferredActionTemplateItems] ([PreferredActionTemplateItemId], [CreatedBy], [CreatedDate], [ModifiedBy], [ModifiedDate], [RecordDeleted], [DeletedBy], [DeletedDate], [PreferredActionTemplateId], [ItemName], [AssociatedScreenId], [DefaultFilters], [SortOrder], [PageAction], [ScreenTabIndex], [ListPageScreenId]) VALUES (37, N'shstest', CAST(0x0000A79100F5489D AS DateTime), N'shstest', CAST(0x0000A79100F5489D AS DateTime), NULL, NULL, NULL, 5, N'New Flag', 373, NULL, 7, N'new', NULL, 372)
INSERT [dbo].[PreferredActionTemplateItems] ([PreferredActionTemplateItemId], [CreatedBy], [CreatedDate], [ModifiedBy], [ModifiedDate], [RecordDeleted], [DeletedBy], [DeletedDate], [PreferredActionTemplateId], [ItemName], [AssociatedScreenId], [DefaultFilters], [SortOrder], [PageAction], [ScreenTabIndex], [ListPageScreenId]) VALUES (38, N'shstest', CAST(0x0000A79100F5540F AS DateTime), N'shstest', CAST(0x0000A79100F5540F AS DateTime), NULL, NULL, NULL, 5, N'New Client Plan', 335, NULL, 8, N'new', NULL, 333)
INSERT [dbo].[PreferredActionTemplateItems] ([PreferredActionTemplateItemId], [CreatedBy], [CreatedDate], [ModifiedBy], [ModifiedDate], [RecordDeleted], [DeletedBy], [DeletedDate], [PreferredActionTemplateId], [ItemName], [AssociatedScreenId], [DefaultFilters], [SortOrder], [PageAction], [ScreenTabIndex], [ListPageScreenId]) VALUES (39, N'shstest', CAST(0x0000A79100F55DD4 AS DateTime), N'shstest', CAST(0x0000A79100F55DD4 AS DateTime), NULL, NULL, NULL, 5, N'New Plan', 309, NULL, 9, N'new', NULL, 308)
INSERT [dbo].[PreferredActionTemplateItems] ([PreferredActionTemplateItemId], [CreatedBy], [CreatedDate], [ModifiedBy], [ModifiedDate], [RecordDeleted], [DeletedBy], [DeletedDate], [PreferredActionTemplateId], [ItemName], [AssociatedScreenId], [DefaultFilters], [SortOrder], [PageAction], [ScreenTabIndex], [ListPageScreenId]) VALUES (40, N'shstest', CAST(0x0000A79100F56771 AS DateTime), N'shstest', CAST(0x0000A79100F56771 AS DateTime), NULL, NULL, NULL, 5, N'New Procedure Code', 311, NULL, 10, N'new', NULL, 310)
INSERT [dbo].[PreferredActionTemplateItems] ([PreferredActionTemplateItemId], [CreatedBy], [CreatedDate], [ModifiedBy], [ModifiedDate], [RecordDeleted], [DeletedBy], [DeletedDate], [PreferredActionTemplateId], [ItemName], [AssociatedScreenId], [DefaultFilters], [SortOrder], [PageAction], [ScreenTabIndex], [ListPageScreenId]) VALUES (41, N'shstest', CAST(0x0000A79100FA390B AS DateTime), N'shstest', CAST(0x0000A79100FA390B AS DateTime), NULL, NULL, NULL, 6, N'New Message (My Office)', 15, NULL, 1, NULL, 2, NULL)
INSERT [dbo].[PreferredActionTemplateItems] ([PreferredActionTemplateItemId], [CreatedBy], [CreatedDate], [ModifiedBy], [ModifiedDate], [RecordDeleted], [DeletedBy], [DeletedDate], [PreferredActionTemplateId], [ItemName], [AssociatedScreenId], [DefaultFilters], [SortOrder], [PageAction], [ScreenTabIndex], [ListPageScreenId]) VALUES (42, N'shstest', CAST(0x0000A7910120EB2D AS DateTime), N'shstest', CAST(0x0000A7910120EB2D AS DateTime), NULL, NULL, NULL, 5, N'New Authorization', 21, NULL, 3, NULL, NULL, NULL)
INSERT [dbo].[PreferredActionTemplateItems] ([PreferredActionTemplateItemId], [CreatedBy], [CreatedDate], [ModifiedBy], [ModifiedDate], [RecordDeleted], [DeletedBy], [DeletedDate], [PreferredActionTemplateId], [ItemName], [AssociatedScreenId], [DefaultFilters], [SortOrder], [PageAction], [ScreenTabIndex], [ListPageScreenId]) VALUES (43, N'shstest', CAST(0x0000A79200C15F09 AS DateTime), N'shstest', CAST(0x0000A79200C15F09 AS DateTime), NULL, NULL, NULL, 1, N'New Message (Client)', 973, NULL, 1, NULL, NULL, 2)
INSERT [dbo].[PreferredActionTemplateItems] ([PreferredActionTemplateItemId], [CreatedBy], [CreatedDate], [ModifiedBy], [ModifiedDate], [RecordDeleted], [DeletedBy], [DeletedDate], [PreferredActionTemplateId], [ItemName], [AssociatedScreenId], [DefaultFilters], [SortOrder], [PageAction], [ScreenTabIndex], [ListPageScreenId]) VALUES (44, N'shstest', CAST(0x0000A79200C17351 AS DateTime), N'shstest', CAST(0x0000A79200C17351 AS DateTime), NULL, NULL, NULL, 2, N'New Message (Client)', 973, NULL, 10, NULL, NULL, 2)
INSERT [dbo].[PreferredActionTemplateItems] ([PreferredActionTemplateItemId], [CreatedBy], [CreatedDate], [ModifiedBy], [ModifiedDate], [RecordDeleted], [DeletedBy], [DeletedDate], [PreferredActionTemplateId], [ItemName], [AssociatedScreenId], [DefaultFilters], [SortOrder], [PageAction], [ScreenTabIndex], [ListPageScreenId]) VALUES (45, N'shstest', CAST(0x0000A79200C17FF4 AS DateTime), N'shstest', CAST(0x0000A79200C17FF4 AS DateTime), NULL, NULL, NULL, 3, N'New Message (Client)', 973, NULL, 2, NULL, NULL, 2)
INSERT [dbo].[PreferredActionTemplateItems] ([PreferredActionTemplateItemId], [CreatedBy], [CreatedDate], [ModifiedBy], [ModifiedDate], [RecordDeleted], [DeletedBy], [DeletedDate], [PreferredActionTemplateId], [ItemName], [AssociatedScreenId], [DefaultFilters], [SortOrder], [PageAction], [ScreenTabIndex], [ListPageScreenId]) VALUES (46, N'shstest', CAST(0x0000A79200C1826B AS DateTime), N'shstest', CAST(0x0000A79200C1826B AS DateTime), NULL, NULL, NULL, 4, N'New Message (Client)', 973, NULL, 12, NULL, NULL, 2)
INSERT [dbo].[PreferredActionTemplateItems] ([PreferredActionTemplateItemId], [CreatedBy], [CreatedDate], [ModifiedBy], [ModifiedDate], [RecordDeleted], [DeletedBy], [DeletedDate], [PreferredActionTemplateId], [ItemName], [AssociatedScreenId], [DefaultFilters], [SortOrder], [PageAction], [ScreenTabIndex], [ListPageScreenId]) VALUES (47, N'shstest', CAST(0x0000A79200C1987A AS DateTime), N'shstest', CAST(0x0000A79200C1987A AS DateTime), NULL, NULL, NULL, 5, N'New Message (Client)', 973, NULL, 6, NULL, NULL, 2)
INSERT [dbo].[PreferredActionTemplateItems] ([PreferredActionTemplateItemId], [CreatedBy], [CreatedDate], [ModifiedBy], [ModifiedDate], [RecordDeleted], [DeletedBy], [DeletedDate], [PreferredActionTemplateId], [ItemName], [AssociatedScreenId], [DefaultFilters], [SortOrder], [PageAction], [ScreenTabIndex], [ListPageScreenId]) VALUES (48, N'shstest', CAST(0x0000A79200C1A763 AS DateTime), N'shstest', CAST(0x0000A79200C1A763 AS DateTime), NULL, NULL, NULL, 6, N'New Message (Client)', 973, NULL, 1, NULL, NULL, 2)
SET IDENTITY_INSERT [dbo].[PreferredActionTemplateItems] OFF

UPDATE PreferredActionTemplateItems
SET AssociatedScreenId = (SELECT TOP 1 AssociatedScreenId FROM PreferredActionTemplateItems WHERE ItemName = 'Refill Expired Medications'),
DefaultFilters = (SELECT TOP 1 DefaultFilters FROM PreferredActionTemplateItems WHERE ItemName = 'Refill Expired Medications'),
PageAction = (SELECT TOP 1 PageAction FROM PreferredActionTemplateItems WHERE ItemName = 'Refill Expired Medications'),
ScreenTabIndex = (SELECT TOP 1 ScreenTabIndex FROM PreferredActionTemplateItems WHERE ItemName = 'Refill Expired Medications'),
ListPageScreenId =(SELECT TOP 1 ListPageScreenId FROM PreferredActionTemplateItems WHERE ItemName = 'Refill Expired Medications')
WHERE ItemName IN ('New Medications Consent','New Order','Review Queued Orders','Review Verbal Orders','View Medication History')

UPDATE PreferredActionTemplateItems
SET ItemName = 'New Message'
WHERE ItemName IN ('New Message (Client)','New Message (My Office)')

UPDATE PreferredActionTemplateItems
SET ItemName = 'Show Blood Pressure Diastolic Graph'
WHERE ItemName = 'Show Blood Prssure Diastolic Graph'