
/********************************************************************************************
Author		:	Malathi Shiva
CreatedDate	:	08 Sept 2014
Purpose		:	FormId = 82 - DFA forms inser script to generate Demographic tab of Registration Document
*********************************************************************************************/
DELETE FROM FormItems WHERE FormSectionId in (SELECT FormSectionId FROM FormSections WHERE FormId = 82)
DELETE FROM FormSectionGroups WHERE FormSectionId in (SELECT FormSectionId FROM FormSections WHERE FormId = 82)
DELETE FROM FormSections WHERE FormId = 82
DELETE FROM Forms WHERE FormId = 82

/*-------Forms Start-------*/
IF NOT EXISTS (SELECT * FROM forms WHERE formid = 82) BEGIN SET IDENTITY_INSERT dbo.forms ON INSERT INTO forms(formid, formname, TableName, TotalNumberOfColumns, Active, RetrieveStoredProcedure) values(82,'Admission Document','CustomDocumentRegistrations',1,'Y','') SET IDENTITY_INSERT dbo.forms OFF END
/*-------Forms End-------*/


/*-------FormSections Start--------*/
IF NOT EXISTS (SELECT * FROM FormSections WHERE FormSectionId = 290) BEGIN SET IDENTITY_INSERT dbo.FormSections ON INSERT INTO dbo.FormSections(FormSectionId, formid, SortOrder, PlaceOnTopOfPage, SectionLabel, Active, SectionEnableCheckBox, SectionEnableCheckBoxText, SectionEnableCheckBoxColumnName, NumberOfColumns) values(290,82,1,NULL,'Basic Demographics','Y','N',NULL,NULL,7) SET IDENTITY_INSERT dbo.FormSections OFF END
--IF NOT EXISTS (SELECT * FROM FormSections WHERE FormSectionId = 291) BEGIN SET IDENTITY_INSERT dbo.FormSections ON INSERT INTO dbo.FormSections(FormSectionId, formid, SortOrder, PlaceOnTopOfPage, SectionLabel, Active, SectionEnableCheckBox, SectionEnableCheckBoxText, SectionEnableCheckBoxColumnName, NumberOfColumns) values(291,82,2,NULL,'Client Information','Y','N',NULL,NULL,5) SET IDENTITY_INSERT dbo.FormSections OFF END
/*-------FormSections End--------*/


/*-------FormSectionGroups Start--------*/
IF NOT EXISTS (SELECT * FROM FormSectionGroups WHERE FormSectionGroupId = 750) BEGIN SET IDENTITY_INSERT dbo.FormSectionGroups ON INSERT INTO dbo.FormSectionGroups (FormSectionGroupId, formsectionid, SortOrder, GroupLabel, Active, GroupEnableCheckBox, GroupEnableCheckBoxText, GroupEnableCheckBoxColumnName,  NumberOfItemsInRow) VALUES(750,290,1,NULL,'Y',NULL,NULL,NULL,3) SET IDENTITY_INSERT dbo.FormSectionGroups OFF END
IF NOT EXISTS (SELECT * FROM FormSectionGroups WHERE FormSectionGroupId = 751) BEGIN SET IDENTITY_INSERT dbo.FormSectionGroups ON INSERT INTO dbo.FormSectionGroups (FormSectionGroupId, formsectionid, SortOrder, GroupLabel, Active, GroupEnableCheckBox, GroupEnableCheckBoxText, GroupEnableCheckBoxColumnName,  NumberOfItemsInRow) VALUES(751,290,2,NULL,'Y',NULL,NULL,NULL,7) SET IDENTITY_INSERT dbo.FormSectionGroups OFF END
IF NOT EXISTS (SELECT * FROM FormSectionGroups WHERE FormSectionGroupId = 752) BEGIN SET IDENTITY_INSERT dbo.FormSectionGroups ON INSERT INTO dbo.FormSectionGroups (FormSectionGroupId, formsectionid, SortOrder, GroupLabel, Active, GroupEnableCheckBox, GroupEnableCheckBoxText, GroupEnableCheckBoxColumnName,  NumberOfItemsInRow) VALUES(752,290,3,NULL,'Y',NULL,NULL,NULL,2) SET IDENTITY_INSERT dbo.FormSectionGroups OFF END
IF NOT EXISTS (SELECT * FROM FormSectionGroups WHERE FormSectionGroupId = 753) BEGIN SET IDENTITY_INSERT dbo.FormSectionGroups ON INSERT INTO dbo.FormSectionGroups (FormSectionGroupId, formsectionid, SortOrder, GroupLabel, Active, GroupEnableCheckBox, GroupEnableCheckBoxText, GroupEnableCheckBoxColumnName,  NumberOfItemsInRow) VALUES(753,290,4,NULL,'Y',NULL,NULL,NULL,4) SET IDENTITY_INSERT dbo.FormSectionGroups OFF END
IF NOT EXISTS (SELECT * FROM FormSectionGroups WHERE FormSectionGroupId = 754) BEGIN SET IDENTITY_INSERT dbo.FormSectionGroups ON INSERT INTO dbo.FormSectionGroups (FormSectionGroupId, formsectionid, SortOrder, GroupLabel, Active, GroupEnableCheckBox, GroupEnableCheckBoxText, GroupEnableCheckBoxColumnName,  NumberOfItemsInRow) VALUES(754,290,5,NULL,'Y',NULL,NULL,NULL,3) SET IDENTITY_INSERT dbo.FormSectionGroups OFF END
IF NOT EXISTS (SELECT * FROM FormSectionGroups WHERE FormSectionGroupId = 755) BEGIN SET IDENTITY_INSERT dbo.FormSectionGroups ON INSERT INTO dbo.FormSectionGroups (FormSectionGroupId, formsectionid, SortOrder, GroupLabel, Active, GroupEnableCheckBox, GroupEnableCheckBoxText, GroupEnableCheckBoxColumnName,  NumberOfItemsInRow) VALUES(755,290,6,NULL,'Y',NULL,NULL,NULL,3) SET IDENTITY_INSERT dbo.FormSectionGroups OFF END
IF NOT EXISTS (SELECT * FROM FormSectionGroups WHERE FormSectionGroupId = 756) BEGIN SET IDENTITY_INSERT dbo.FormSectionGroups ON INSERT INTO dbo.FormSectionGroups (FormSectionGroupId, formsectionid, SortOrder, GroupLabel, Active, GroupEnableCheckBox, GroupEnableCheckBoxText, GroupEnableCheckBoxColumnName,  NumberOfItemsInRow) VALUES(756,290,7,NULL,'Y',NULL,NULL,NULL,6) SET IDENTITY_INSERT dbo.FormSectionGroups OFF END
--IF NOT EXISTS (SELECT * FROM FormSectionGroups WHERE FormSectionGroupId = 757) BEGIN SET IDENTITY_INSERT dbo.FormSectionGroups ON INSERT INTO dbo.FormSectionGroups (FormSectionGroupId, formsectionid, SortOrder, GroupLabel, Active, GroupEnableCheckBox, GroupEnableCheckBoxText, GroupEnableCheckBoxColumnName,  NumberOfItemsInRow) VALUES(757,291,8,NULL,'Y',NULL,NULL,NULL,1) SET IDENTITY_INSERT dbo.FormSectionGroups OFF END
--IF NOT EXISTS (SELECT * FROM FormSectionGroups WHERE FormSectionGroupId = 758) BEGIN SET IDENTITY_INSERT dbo.FormSectionGroups ON INSERT INTO dbo.FormSectionGroups (FormSectionGroupId, formsectionid, SortOrder, GroupLabel, Active, GroupEnableCheckBox, GroupEnableCheckBoxText, GroupEnableCheckBoxColumnName,  NumberOfItemsInRow) VALUES(758,291,9,NULL,'Y',NULL,NULL,NULL,4) SET IDENTITY_INSERT dbo.FormSectionGroups OFF END
--IF NOT EXISTS (SELECT * FROM FormSectionGroups WHERE FormSectionGroupId = 759) BEGIN SET IDENTITY_INSERT dbo.FormSectionGroups ON INSERT INTO dbo.FormSectionGroups (FormSectionGroupId, formsectionid, SortOrder, GroupLabel, Active, GroupEnableCheckBox, GroupEnableCheckBoxText, GroupEnableCheckBoxColumnName,  NumberOfItemsInRow) VALUES(759,291,10,NULL,'Y',NULL,NULL,NULL,8) SET IDENTITY_INSERT dbo.FormSectionGroups OFF END
--IF NOT EXISTS (SELECT * FROM FormSectionGroups WHERE FormSectionGroupId = 760) BEGIN SET IDENTITY_INSERT dbo.FormSectionGroups ON INSERT INTO dbo.FormSectionGroups (FormSectionGroupId, formsectionid, SortOrder, GroupLabel, Active, GroupEnableCheckBox, GroupEnableCheckBoxText, GroupEnableCheckBoxColumnName,  NumberOfItemsInRow) VALUES(760,291,11,NULL,'Y',NULL,NULL,NULL,3) SET IDENTITY_INSERT dbo.FormSectionGroups OFF END
--IF NOT EXISTS (SELECT * FROM FormSectionGroups WHERE FormSectionGroupId = 761) BEGIN SET IDENTITY_INSERT dbo.FormSectionGroups ON INSERT INTO dbo.FormSectionGroups (FormSectionGroupId, formsectionid, SortOrder, GroupLabel, Active, GroupEnableCheckBox, GroupEnableCheckBoxText, GroupEnableCheckBoxColumnName,  NumberOfItemsInRow) VALUES(761,291,12,NULL,'Y',NULL,NULL,NULL,2) SET IDENTITY_INSERT dbo.FormSectionGroups OFF END
/*-------FormSectionGroups End--------*/


/*-------FormItems Start--------*/
IF NOT EXISTS (SELECT * FROM Formitems WHERE FormItemId = 3152) BEGIN SET IDENTITY_INSERT dbo.Formitems ON INSERT INTO Formitems (FormItemId, formsectionid, FormSectionGroupId, ItemType, ItemLabel, SortOrder, active, GlobalCodeCategory, ItemColumnName, ItemRequiresComment, ItemCommentColumnName, ItemWidth, MaximumLength, DropdownType, SharedTableName, StoredProcedureName, ValueField, TextField, MultilineEditFieldHeight, EachRadioButtonOnNewLine) VALUES(3152,290,750,'5361','First Name',2,'Y',NULL,'FirstName','N',NULL,105,20,NULL,NULL,NULL,NULL,NULL,NULL,NULL) SET IDENTITY_INSERT dbo.Formitems OFF END
IF NOT EXISTS (SELECT * FROM Formitems WHERE FormItemId = 3153) BEGIN SET IDENTITY_INSERT dbo.Formitems ON INSERT INTO Formitems (FormItemId, formsectionid, FormSectionGroupId, ItemType, ItemLabel, SortOrder, active, GlobalCodeCategory, ItemColumnName, ItemRequiresComment, ItemCommentColumnName, ItemWidth, MaximumLength, DropdownType, SharedTableName, StoredProcedureName, ValueField, TextField, MultilineEditFieldHeight, EachRadioButtonOnNewLine) VALUES(3153,290,750,'5361','<span style=''padding-left:70px''>Middle Name</span>',4,'Y',NULL,'MiddleName','N',NULL,100,20,NULL,NULL,NULL,NULL,NULL,NULL,NULL) SET IDENTITY_INSERT dbo.Formitems OFF END
IF NOT EXISTS (SELECT * FROM Formitems WHERE FormItemId = 3154) BEGIN SET IDENTITY_INSERT dbo.Formitems ON INSERT INTO Formitems (FormItemId, formsectionid, FormSectionGroupId, ItemType, ItemLabel, SortOrder, active, GlobalCodeCategory, ItemColumnName, ItemRequiresComment, ItemCommentColumnName, ItemWidth, MaximumLength, DropdownType, SharedTableName, StoredProcedureName, ValueField, TextField, MultilineEditFieldHeight, EachRadioButtonOnNewLine) VALUES(3154,290,750,'5361','<span style=''padding-left:70px''>Last Name</span>',6,'Y',NULL,'LastName','N',NULL,105,30,NULL,NULL,NULL,NULL,NULL,NULL,NULL) SET IDENTITY_INSERT dbo.Formitems OFF END

IF NOT EXISTS (SELECT * FROM Formitems WHERE FormItemId = 3155) BEGIN SET IDENTITY_INSERT dbo.Formitems ON INSERT INTO Formitems (FormItemId, formsectionid, FormSectionGroupId, ItemType, ItemLabel, SortOrder, active, GlobalCodeCategory, ItemColumnName, ItemRequiresComment, ItemCommentColumnName, ItemWidth, MaximumLength, DropdownType, SharedTableName, StoredProcedureName, ValueField, TextField, MultilineEditFieldHeight, EachRadioButtonOnNewLine) VALUES(3155,290,751,'5374','<span>SSN&nbsp;&nbsp;&nbsp;&nbsp;&nbsp;&nbsp;&nbsp;&nbsp;&nbsp;</span>',1,'Y',NULL,NULL,'N',NULL,NULL,NULL,NULL,NULL,NULL,NULL,NULL,NULL,NULL) SET IDENTITY_INSERT dbo.Formitems OFF END
IF NOT EXISTS (SELECT * FROM Formitems WHERE FormItemId = 3156) BEGIN SET IDENTITY_INSERT dbo.Formitems ON INSERT INTO Formitems (FormItemId, formsectionid, FormSectionGroupId, ItemType, ItemLabel, SortOrder, active, GlobalCodeCategory, ItemColumnName, ItemRequiresComment, ItemCommentColumnName, ItemWidth, MaximumLength, DropdownType, SharedTableName, StoredProcedureName, ValueField, TextField, MultilineEditFieldHeight, EachRadioButtonOnNewLine) VALUES(3156,290,751,'5375','',2,'Y',NULL,'SSN','N',NULL,105,9,NULL,NULL,NULL,NULL,NULL,NULL,NULL) SET IDENTITY_INSERT dbo.Formitems OFF END
IF NOT EXISTS (SELECT * FROM Formitems WHERE FormItemId = 3157) BEGIN SET IDENTITY_INSERT dbo.Formitems ON INSERT INTO Formitems (FormItemId, formsectionid, FormSectionGroupId, ItemType, ItemLabel, SortOrder, active, GlobalCodeCategory, ItemColumnName, ItemRequiresComment, ItemCommentColumnName, ItemWidth, MaximumLength, DropdownType, SharedTableName, StoredProcedureName, ValueField, TextField, MultilineEditFieldHeight, EachRadioButtonOnNewLine) VALUES(3157,290,751,'5374','<span style=''padding-left:30px''>DOB</span>',3,'Y',NULL,NULL,'N',NULL,NULL,NULL,NULL,NULL,NULL,NULL,NULL,NULL,NULL) SET IDENTITY_INSERT dbo.Formitems OFF END
IF NOT EXISTS (SELECT * FROM Formitems WHERE FormItemId = 3158) BEGIN SET IDENTITY_INSERT dbo.Formitems ON INSERT INTO Formitems (FormItemId, formsectionid, FormSectionGroupId, ItemType, ItemLabel, SortOrder, active, GlobalCodeCategory, ItemColumnName, ItemRequiresComment, ItemCommentColumnName, ItemWidth, MaximumLength, DropdownType, SharedTableName, StoredProcedureName, ValueField, TextField, MultilineEditFieldHeight, EachRadioButtonOnNewLine) VALUES(3158,290,751,'5367','',4,'Y',NULL,'DateOfBirth','N',NULL,30,10,NULL,NULL,NULL,NULL,NULL,NULL,NULL) SET IDENTITY_INSERT dbo.Formitems OFF END
IF NOT EXISTS (SELECT * FROM Formitems WHERE FormItemId = 3159) BEGIN SET IDENTITY_INSERT dbo.Formitems ON INSERT INTO Formitems (FormItemId, formsectionid, FormSectionGroupId, ItemType, ItemLabel, SortOrder, active, GlobalCodeCategory, ItemColumnName, ItemRequiresComment, ItemCommentColumnName, ItemWidth, MaximumLength, DropdownType, SharedTableName, StoredProcedureName, ValueField, TextField, MultilineEditFieldHeight, EachRadioButtonOnNewLine) VALUES(3159,290,751,'5374','<span id=''span_CustomDocumentRegistrations_Age''></span>',5,'Y',NULL,NULL,'N',NULL,NULL,NULL,NULL,NULL,NULL,NULL,NULL,NULL,NULL) SET IDENTITY_INSERT dbo.Formitems OFF END
IF NOT EXISTS (SELECT * FROM Formitems WHERE FormItemId = 3160) BEGIN SET IDENTITY_INSERT dbo.Formitems ON INSERT INTO Formitems (FormItemId, formsectionid, FormSectionGroupId, ItemType, ItemLabel, SortOrder, active, GlobalCodeCategory, ItemColumnName, ItemRequiresComment, ItemCommentColumnName, ItemWidth, MaximumLength, DropdownType, SharedTableName, StoredProcedureName, ValueField, TextField, MultilineEditFieldHeight, EachRadioButtonOnNewLine) VALUES(3160,290,751,'5372','<span style=''padding-left:10px''>Gender</span>',6,'Y','SEX','Sex','N',NULL,70,NULL,'G',NULL,NULL,NULL,NULL,NULL,NULL) SET IDENTITY_INSERT dbo.Formitems OFF END
IF NOT EXISTS (SELECT * FROM Formitems WHERE FormItemId = 3161) BEGIN SET IDENTITY_INSERT dbo.Formitems ON INSERT INTO Formitems (FormItemId, formsectionid, FormSectionGroupId, ItemType, ItemLabel, SortOrder, active, GlobalCodeCategory, ItemColumnName, ItemRequiresComment, ItemCommentColumnName, ItemWidth, MaximumLength, DropdownType, SharedTableName, StoredProcedureName, ValueField, TextField, MultilineEditFieldHeight, EachRadioButtonOnNewLine) VALUES(3161,290,751,'5372','<span style=''padding-left:10px''>Marital Status</span>',7,'Y','MARITALSTATUS','MaritalStatus','N',NULL,150,NULL,'G',NULL,NULL,NULL,NULL,NULL,NULL) SET IDENTITY_INSERT dbo.Formitems OFF END

IF NOT EXISTS (SELECT * FROM Formitems WHERE FormItemId = 3162) BEGIN SET IDENTITY_INSERT dbo.Formitems ON INSERT INTO Formitems (FormItemId, formsectionid, FormSectionGroupId, ItemType, ItemLabel, SortOrder, active, GlobalCodeCategory, ItemColumnName, ItemRequiresComment, ItemCommentColumnName, ItemWidth, MaximumLength, DropdownType, SharedTableName, StoredProcedureName, ValueField, TextField, MultilineEditFieldHeight, EachRadioButtonOnNewLine) VALUES(3162,290,752,'5372','Primary Method of Communication',1,'Y','XCOMMMETHOD','PrimayMethodOfCommunication','N',NULL,150,NULL,'G',NULL,NULL,NULL,NULL,NULL,NULL) SET IDENTITY_INSERT dbo.Formitems OFF END
IF NOT EXISTS (SELECT * FROM Formitems WHERE FormItemId = 3163) BEGIN SET IDENTITY_INSERT dbo.Formitems ON INSERT INTO Formitems (FormItemId, formsectionid, FormSectionGroupId, ItemType, ItemLabel, SortOrder, active, GlobalCodeCategory, ItemColumnName, ItemRequiresComment, ItemCommentColumnName, ItemWidth, MaximumLength, DropdownType, SharedTableName, StoredProcedureName, ValueField, TextField, MultilineEditFieldHeight, EachRadioButtonOnNewLine) VALUES(3163,290,752,'5372','<span style=''padding-left:94px''>Interpreter Needed&nbsp;&nbsp;</span>',2,'Y','XINTERPRETERNEEDED','InterpreterNeeded','N',NULL,150,NULL,'G',NULL,NULL,NULL,NULL,NULL,NULL) SET IDENTITY_INSERT dbo.Formitems OFF END

IF NOT EXISTS (SELECT * FROM Formitems WHERE FormItemId = 3164) BEGIN SET IDENTITY_INSERT dbo.Formitems ON INSERT INTO Formitems (FormItemId, formsectionid, FormSectionGroupId, ItemType, ItemLabel, SortOrder, active, GlobalCodeCategory, ItemColumnName, ItemRequiresComment, ItemCommentColumnName, ItemWidth, MaximumLength, DropdownType, SharedTableName, StoredProcedureName, ValueField, TextField, MultilineEditFieldHeight, EachRadioButtonOnNewLine) VALUES(3164,290,753,'5374','Primary Language&nbsp;&nbsp;&nbsp;&nbsp;&nbsp;&nbsp;&nbsp;&nbsp;&nbsp;&nbsp;&nbsp;&nbsp;&nbsp;&nbsp;&nbsp;&nbsp;&nbsp;&nbsp;&nbsp;&nbsp;&nbsp;&nbsp;&nbsp;&nbsp;',1,'Y',NULL,NULL,'N',NULL,NULL,NULL,NULL,NULL,NULL,NULL,NULL,NULL,NULL) SET IDENTITY_INSERT dbo.Formitems OFF END
IF NOT EXISTS (SELECT * FROM Formitems WHERE FormItemId = 3165) BEGIN SET IDENTITY_INSERT dbo.Formitems ON INSERT INTO Formitems (FormItemId, formsectionid, FormSectionGroupId, ItemType, ItemLabel, SortOrder, active, GlobalCodeCategory, ItemColumnName, ItemRequiresComment, ItemCommentColumnName, ItemWidth, MaximumLength, DropdownType, SharedTableName, StoredProcedureName, ValueField, TextField, MultilineEditFieldHeight, EachRadioButtonOnNewLine) VALUES(3165,290,753,'5372','',2,'Y','LANGUAGE','PrimaryLanguage','N',NULL,150,NULL,'G',NULL,NULL,NULL,NULL,NULL,NULL) SET IDENTITY_INSERT dbo.Formitems OFF END
IF NOT EXISTS (SELECT * FROM Formitems WHERE FormItemId = 3166) BEGIN SET IDENTITY_INSERT dbo.Formitems ON INSERT INTO Formitems (FormItemId, formsectionid, FormSectionGroupId, ItemType, ItemLabel, SortOrder, active, GlobalCodeCategory, ItemColumnName, ItemRequiresComment, ItemCommentColumnName, ItemWidth, MaximumLength, DropdownType, SharedTableName, StoredProcedureName, ValueField, TextField, MultilineEditFieldHeight, EachRadioButtonOnNewLine) VALUES(3166,290,753,'5361','',3,'Y',NULL,'OtherPrimaryLanguage','N',NULL,80,20,NULL,NULL,NULL,NULL,NULL,NULL,NULL) SET IDENTITY_INSERT dbo.Formitems OFF END
IF NOT EXISTS (SELECT * FROM Formitems WHERE FormItemId = 3167) BEGIN SET IDENTITY_INSERT dbo.Formitems ON INSERT INTO Formitems (FormItemId, formsectionid, FormSectionGroupId, ItemType, ItemLabel, SortOrder, active, GlobalCodeCategory, ItemColumnName, ItemRequiresComment, ItemCommentColumnName, ItemWidth, MaximumLength, DropdownType, SharedTableName, StoredProcedureName, ValueField, TextField, MultilineEditFieldHeight, EachRadioButtonOnNewLine) VALUES(3167,290,753,'5372','<span style=''padding-left:3px''>Secondary Language</span>',4,'Y','XSECODARYLANGUAGE','SecondaryLanguage','N',NULL,150,NULL,'G',NULL,NULL,NULL,NULL,NULL,NULL) SET IDENTITY_INSERT dbo.Formitems OFF END

IF NOT EXISTS (SELECT * FROM Formitems WHERE FormItemId = 3168) BEGIN SET IDENTITY_INSERT dbo.Formitems ON INSERT INTO Formitems (FormItemId, formsectionid, FormSectionGroupId, ItemType, ItemLabel, SortOrder, active, GlobalCodeCategory, ItemColumnName, ItemRequiresComment, ItemCommentColumnName, ItemWidth, MaximumLength, DropdownType, SharedTableName, StoredProcedureName, ValueField, TextField, MultilineEditFieldHeight, EachRadioButtonOnNewLine) VALUES(3168,290,754,'5374','Hispanic Origin&nbsp;&nbsp;&nbsp;&nbsp;&nbsp;&nbsp;&nbsp;&nbsp;&nbsp;&nbsp;&nbsp;&nbsp;&nbsp;&nbsp;&nbsp;&nbsp;&nbsp;&nbsp;&nbsp;&nbsp;&nbsp;&nbsp;&nbsp;&nbsp;&nbsp;&nbsp;&nbsp;&nbsp;',1,'Y',NULL,NULL,'N',NULL,NULL,NULL,NULL,NULL,NULL,NULL,NULL,NULL,NULL) SET IDENTITY_INSERT dbo.Formitems OFF END
IF NOT EXISTS (SELECT * FROM Formitems WHERE FormItemId = 3169) BEGIN SET IDENTITY_INSERT dbo.Formitems ON INSERT INTO Formitems (FormItemId, formsectionid, FormSectionGroupId, ItemType, ItemLabel, SortOrder, active, GlobalCodeCategory, ItemColumnName, ItemRequiresComment, ItemCommentColumnName, ItemWidth, MaximumLength, DropdownType, SharedTableName, StoredProcedureName, ValueField, TextField, MultilineEditFieldHeight, EachRadioButtonOnNewLine) VALUES(3169,290,754,'5372','',2,'Y','HISPANICORIGIN','HispanicOrigin','N',NULL,150,NULL,'G',NULL,NULL,NULL,NULL,NULL,NULL) SET IDENTITY_INSERT dbo.Formitems OFF END
IF NOT EXISTS (SELECT * FROM Formitems WHERE FormItemId = 3170) BEGIN SET IDENTITY_INSERT dbo.Formitems ON INSERT INTO Formitems (FormItemId, formsectionid, FormSectionGroupId, ItemType, ItemLabel, SortOrder, active, GlobalCodeCategory, ItemColumnName, ItemRequiresComment, ItemCommentColumnName, ItemWidth, MaximumLength, DropdownType, SharedTableName, StoredProcedureName, ValueField, TextField, MultilineEditFieldHeight, EachRadioButtonOnNewLine) VALUES(3170,290,754,'5372','<span style=''padding-left:95px''>Race&nbsp;&nbsp;&nbsp;&nbsp;&nbsp;&nbsp;&nbsp;&nbsp;&nbsp;&nbsp;&nbsp;&nbsp;&nbsp;&nbsp;&nbsp;&nbsp;&nbsp;&nbsp;&nbsp;&nbsp;&nbsp;&nbsp;</span>',3,'Y','RACE','Race','N',NULL,150,NULL,'G',NULL,NULL,NULL,NULL,NULL,NULL) SET IDENTITY_INSERT dbo.Formitems OFF END

IF NOT EXISTS (SELECT * FROM Formitems WHERE FormItemId = 3171) BEGIN SET IDENTITY_INSERT dbo.Formitems ON INSERT INTO Formitems (FormItemId, formsectionid, FormSectionGroupId, ItemType, ItemLabel, SortOrder, active, GlobalCodeCategory, ItemColumnName, ItemRequiresComment, ItemCommentColumnName, ItemWidth, MaximumLength, DropdownType, SharedTableName, StoredProcedureName, ValueField, TextField, MultilineEditFieldHeight, EachRadioButtonOnNewLine) VALUES(3171,290,755,'5374','Medicaid ID&nbsp;&nbsp;&nbsp;&nbsp;&nbsp;&nbsp;&nbsp;&nbsp;&nbsp;&nbsp;&nbsp;&nbsp;&nbsp;&nbsp;&nbsp;&nbsp;&nbsp;&nbsp;&nbsp;&nbsp;&nbsp;&nbsp;&nbsp;&nbsp;&nbsp;&nbsp;&nbsp;&nbsp;&nbsp;&nbsp;&nbsp;&nbsp;',1,'Y',NULL,NULL,'N',NULL,NULL,NULL,NULL,NULL,NULL,NULL,NULL,NULL,NULL) SET IDENTITY_INSERT dbo.Formitems OFF END
IF NOT EXISTS (SELECT * FROM Formitems WHERE FormItemId = 3172) BEGIN SET IDENTITY_INSERT dbo.Formitems ON INSERT INTO Formitems (FormItemId, formsectionid, FormSectionGroupId, ItemType, ItemLabel, SortOrder, active, GlobalCodeCategory, ItemColumnName, ItemRequiresComment, ItemCommentColumnName, ItemWidth, MaximumLength, DropdownType, SharedTableName, StoredProcedureName, ValueField, TextField, MultilineEditFieldHeight, EachRadioButtonOnNewLine) VALUES(3172,290,755,'5366','',3,'Y',NULL,'MedicaidId','N',NULL,145,9,NULL,NULL,NULL,NULL,NULL,NULL,NULL) SET IDENTITY_INSERT dbo.Formitems OFF END
IF NOT EXISTS (SELECT * FROM Formitems WHERE FormItemId = 3173) BEGIN SET IDENTITY_INSERT dbo.Formitems ON INSERT INTO Formitems (FormItemId, formsectionid, FormSectionGroupId, ItemType, ItemLabel, SortOrder, active, GlobalCodeCategory, ItemColumnName, ItemRequiresComment, ItemCommentColumnName, ItemWidth, MaximumLength, DropdownType, SharedTableName, StoredProcedureName, ValueField, TextField, MultilineEditFieldHeight, EachRadioButtonOnNewLine) VALUES(3173,290,755,'5372','<span style=''padding-left:90px''>Patient Type&nbsp;&nbsp;&nbsp;&nbsp;&nbsp;&nbsp;&nbsp;&nbsp;&nbsp;&nbsp;&nbsp;&nbsp;</span>',3,'Y','XPATIENTTYPE','PatientType','N',NULL,150,NULL,'G',NULL,NULL,NULL,NULL,NULL,NULL) SET IDENTITY_INSERT dbo.Formitems OFF END

IF NOT EXISTS (SELECT * FROM Formitems WHERE FormItemId = 3174) BEGIN SET IDENTITY_INSERT dbo.Formitems ON INSERT INTO Formitems (FormItemId, formsectionid, FormSectionGroupId, ItemType, ItemLabel, SortOrder, active, GlobalCodeCategory, ItemColumnName, ItemRequiresComment, ItemCommentColumnName, ItemWidth, MaximumLength, DropdownType, SharedTableName, StoredProcedureName, ValueField, TextField, MultilineEditFieldHeight, EachRadioButtonOnNewLine) VALUES(3174,290,756,'5374','Handicaps&nbsp;&nbsp;&nbsp;&nbsp;&nbsp;&nbsp;&nbsp;&nbsp;&nbsp;&nbsp;&nbsp;&nbsp;&nbsp;&nbsp;&nbsp;&nbsp;&nbsp;&nbsp;&nbsp;&nbsp;&nbsp;&nbsp;&nbsp;&nbsp;&nbsp;&nbsp;&nbsp;&nbsp;&nbsp;&nbsp;&nbsp;&nbsp;&nbsp;&nbsp;',1,'Y',NULL,NULL,'N',NULL,NULL,NULL,NULL,NULL,NULL,NULL,NULL,NULL,NULL) SET IDENTITY_INSERT dbo.Formitems OFF END
IF NOT EXISTS (SELECT * FROM Formitems WHERE FormItemId = 3175) BEGIN SET IDENTITY_INSERT dbo.Formitems ON INSERT INTO Formitems (FormItemId, formsectionid, FormSectionGroupId, ItemType, ItemLabel, SortOrder, active, GlobalCodeCategory, ItemColumnName, ItemRequiresComment, ItemCommentColumnName, ItemWidth, MaximumLength, DropdownType, SharedTableName, StoredProcedureName, ValueField, TextField, MultilineEditFieldHeight, EachRadioButtonOnNewLine) VALUES(3175,290,756,'5362','<span>Deaf&nbsp;</span>',2,'Y',NULL,'ClientDeaf','N',NULL,100,30,NULL,NULL,NULL,NULL,NULL,NULL,NULL) SET IDENTITY_INSERT dbo.Formitems OFF END
IF NOT EXISTS (SELECT * FROM Formitems WHERE FormItemId = 3176) BEGIN SET IDENTITY_INSERT dbo.Formitems ON INSERT INTO Formitems (FormItemId, formsectionid, FormSectionGroupId, ItemType, ItemLabel, SortOrder, active, GlobalCodeCategory, ItemColumnName, ItemRequiresComment, ItemCommentColumnName, ItemWidth, MaximumLength, DropdownType, SharedTableName, StoredProcedureName, ValueField, TextField, MultilineEditFieldHeight, EachRadioButtonOnNewLine) VALUES(3176,290,756,'5362','<span>Developmentally Disabled&nbsp;</span>',3,'Y',NULL,'ClientDevelopmentallyDisabled','N',NULL,100,30,NULL,NULL,NULL,NULL,NULL,NULL,NULL) SET IDENTITY_INSERT dbo.Formitems OFF END
IF NOT EXISTS (SELECT * FROM Formitems WHERE FormItemId = 3177) BEGIN SET IDENTITY_INSERT dbo.Formitems ON INSERT INTO Formitems (FormItemId, formsectionid, FormSectionGroupId, ItemType, ItemLabel, SortOrder, active, GlobalCodeCategory, ItemColumnName, ItemRequiresComment, ItemCommentColumnName, ItemWidth, MaximumLength, DropdownType, SharedTableName, StoredProcedureName, ValueField, TextField, MultilineEditFieldHeight, EachRadioButtonOnNewLine) VALUES(3177,290,756,'5362','<span>Blind/Severe Visual Impairment&nbsp;</span>',4,'Y',NULL,'ClientHasVisuallyImpairment','N',NULL,100,30,NULL,NULL,NULL,NULL,NULL,NULL,NULL) SET IDENTITY_INSERT dbo.Formitems OFF END
IF NOT EXISTS (SELECT * FROM Formitems WHERE FormItemId = 3178) BEGIN SET IDENTITY_INSERT dbo.Formitems ON INSERT INTO Formitems (FormItemId, formsectionid, FormSectionGroupId, ItemType, ItemLabel, SortOrder, active, GlobalCodeCategory, ItemColumnName, ItemRequiresComment, ItemCommentColumnName, ItemWidth, MaximumLength, DropdownType, SharedTableName, StoredProcedureName, ValueField, TextField, MultilineEditFieldHeight, EachRadioButtonOnNewLine) VALUES(3178,290,756,'5362','<span>Non-ambulation&nbsp;</span>',5,'Y',NULL,'ClientHasNonAmbulation','N',NULL,100,30,NULL,NULL,NULL,NULL,NULL,NULL,NULL) SET IDENTITY_INSERT dbo.Formitems OFF END
IF NOT EXISTS (SELECT * FROM Formitems WHERE FormItemId = 3179) BEGIN SET IDENTITY_INSERT dbo.Formitems ON INSERT INTO Formitems (FormItemId, formsectionid, FormSectionGroupId, ItemType, ItemLabel, SortOrder, active, GlobalCodeCategory, ItemColumnName, ItemRequiresComment, ItemCommentColumnName, ItemWidth, MaximumLength, DropdownType, SharedTableName, StoredProcedureName, ValueField, TextField, MultilineEditFieldHeight, EachRadioButtonOnNewLine) VALUES(3179,290,756,'5362','<span>Severe Medical Issues</span>',6,'Y',NULL,'ClientHasSevereMedicalIssues','N',NULL,100,30,NULL,NULL,NULL,NULL,NULL,NULL,NULL) SET IDENTITY_INSERT dbo.Formitems OFF END

--IF NOT EXISTS (SELECT * FROM Formitems WHERE FormItemId = 3180) BEGIN SET IDENTITY_INSERT dbo.Formitems ON INSERT INTO Formitems (FormItemId, formsectionid, FormSectionGroupId, ItemType, ItemLabel, SortOrder, active, GlobalCodeCategory, ItemColumnName, ItemRequiresComment, ItemCommentColumnName, ItemWidth, MaximumLength, DropdownType, SharedTableName, StoredProcedureName, ValueField, TextField, MultilineEditFieldHeight, EachRadioButtonOnNewLine) VALUES(3180,291,757,'5362','Homeless',2,'Y',NULL,'CurrentlyHomeless','N',NULL,100,30,NULL,NULL,NULL,NULL,NULL,NULL,NULL) SET IDENTITY_INSERT dbo.Formitems OFF END

--IF NOT EXISTS (SELECT * FROM Formitems WHERE FormItemId = 3181) BEGIN SET IDENTITY_INSERT dbo.Formitems ON INSERT INTO Formitems (FormItemId, formsectionid, FormSectionGroupId, ItemType, ItemLabel, SortOrder, active, GlobalCodeCategory, ItemColumnName, ItemRequiresComment, ItemCommentColumnName, ItemWidth, MaximumLength, DropdownType, SharedTableName, StoredProcedureName, ValueField, TextField, MultilineEditFieldHeight, EachRadioButtonOnNewLine) VALUES(3181,291,758,'5374','Address 1&nbsp;&nbsp;',1,'Y',NULL,NULL,'N',NULL,NULL,NULL,NULL,NULL,NULL,NULL,NULL,NULL,NULL) SET IDENTITY_INSERT dbo.Formitems OFF END
--IF NOT EXISTS (SELECT * FROM Formitems WHERE FormItemId = 3182) BEGIN SET IDENTITY_INSERT dbo.Formitems ON INSERT INTO Formitems (FormItemId, formsectionid, FormSectionGroupId, ItemType, ItemLabel, SortOrder, active, GlobalCodeCategory, ItemColumnName, ItemRequiresComment, ItemCommentColumnName, ItemWidth, MaximumLength, DropdownType, SharedTableName, StoredProcedureName, ValueField, TextField, MultilineEditFieldHeight, EachRadioButtonOnNewLine) VALUES(3182,291,758,'5361','',2,'Y',NULL,'Address1','N',NULL,260,100,NULL,NULL,NULL,NULL,NULL,NULL,NULL) SET IDENTITY_INSERT dbo.Formitems OFF END
--IF NOT EXISTS (SELECT * FROM Formitems WHERE FormItemId = 3183) BEGIN SET IDENTITY_INSERT dbo.Formitems ON INSERT INTO Formitems (FormItemId, formsectionid, FormSectionGroupId, ItemType, ItemLabel, SortOrder, active, GlobalCodeCategory, ItemColumnName, ItemRequiresComment, ItemCommentColumnName, ItemWidth, MaximumLength, DropdownType, SharedTableName, StoredProcedureName, ValueField, TextField, MultilineEditFieldHeight, EachRadioButtonOnNewLine) VALUES(3183,291,758,'5374','<span style=''padding-left:95px''>Address 2</span>',3,'Y',NULL,NULL,'N',NULL,NULL,NULL,NULL,NULL,NULL,NULL,NULL,NULL,NULL) SET IDENTITY_INSERT dbo.Formitems OFF END
--IF NOT EXISTS (SELECT * FROM Formitems WHERE FormItemId = 3184) BEGIN SET IDENTITY_INSERT dbo.Formitems ON INSERT INTO Formitems (FormItemId, formsectionid, FormSectionGroupId, ItemType, ItemLabel, SortOrder, active, GlobalCodeCategory, ItemColumnName, ItemRequiresComment, ItemCommentColumnName, ItemWidth, MaximumLength, DropdownType, SharedTableName, StoredProcedureName, ValueField, TextField, MultilineEditFieldHeight, EachRadioButtonOnNewLine) VALUES(3184,291,758,'5361','',4,'Y',NULL,'Address2','N',NULL,260,100,NULL,NULL,NULL,NULL,NULL,NULL,NULL) SET IDENTITY_INSERT dbo.Formitems OFF END

--IF NOT EXISTS (SELECT * FROM Formitems WHERE FormItemId = 3185) BEGIN SET IDENTITY_INSERT dbo.Formitems ON INSERT INTO Formitems (FormItemId, formsectionid, FormSectionGroupId, ItemType, ItemLabel, SortOrder, active, GlobalCodeCategory, ItemColumnName, ItemRequiresComment, ItemCommentColumnName, ItemWidth, MaximumLength, DropdownType, SharedTableName, StoredProcedureName, ValueField, TextField, MultilineEditFieldHeight, EachRadioButtonOnNewLine) VALUES(3185,291,759,'5374','City&nbsp;&nbsp;&nbsp;&nbsp;&nbsp;&nbsp;&nbsp;&nbsp;&nbsp;&nbsp;&nbsp;',1,'Y',NULL,NULL,'N',NULL,NULL,NULL,NULL,NULL,NULL,NULL,NULL,NULL,NULL) SET IDENTITY_INSERT dbo.Formitems OFF END
--IF NOT EXISTS (SELECT * FROM Formitems WHERE FormItemId = 3186) BEGIN SET IDENTITY_INSERT dbo.Formitems ON INSERT INTO Formitems (FormItemId, formsectionid, FormSectionGroupId, ItemType, ItemLabel, SortOrder, active, GlobalCodeCategory, ItemColumnName, ItemRequiresComment, ItemCommentColumnName, ItemWidth, MaximumLength, DropdownType, SharedTableName, StoredProcedureName, ValueField, TextField, MultilineEditFieldHeight, EachRadioButtonOnNewLine) VALUES(3186,291,759,'5361','',2,'Y',NULL,'City','N',NULL,80,30,NULL,NULL,NULL,NULL,NULL,NULL,NULL) SET IDENTITY_INSERT dbo.Formitems OFF END
--IF NOT EXISTS (SELECT * FROM Formitems WHERE FormItemId = 3187) BEGIN SET IDENTITY_INSERT dbo.Formitems ON INSERT INTO Formitems (FormItemId, formsectionid, FormSectionGroupId, ItemType, ItemLabel, SortOrder, active, GlobalCodeCategory, ItemColumnName, ItemRequiresComment, ItemCommentColumnName, ItemWidth, MaximumLength, DropdownType, SharedTableName, StoredProcedureName, ValueField, TextField, MultilineEditFieldHeight, EachRadioButtonOnNewLine) VALUES(3187,291,759,'5374','<span style=''padding-left:5px''>County&nbsp;&nbsp;&nbsp;&nbsp;&nbsp;&nbsp;&nbsp;&nbsp;&nbsp;&nbsp;&nbsp;&nbsp;</span>',3,'Y',NULL,NULL,'N',NULL,NULL,NULL,NULL,NULL,NULL,NULL,NULL,NULL,NULL) SET IDENTITY_INSERT dbo.Formitems OFF END
--IF NOT EXISTS (SELECT * FROM Formitems WHERE FormItemId = 3188) BEGIN SET IDENTITY_INSERT dbo.Formitems ON INSERT INTO Formitems (FormItemId, formsectionid, FormSectionGroupId, ItemType, ItemLabel, SortOrder, active, GlobalCodeCategory, ItemColumnName, ItemRequiresComment, ItemCommentColumnName, ItemWidth, MaximumLength, DropdownType, SharedTableName, StoredProcedureName, ValueField, TextField, MultilineEditFieldHeight, EachRadioButtonOnNewLine) VALUES(3188,291,759,'5372','',4,'Y',NULL,'ResidenceCounty','N',NULL,90,NULL,'T','Counties',NULL,'CountyFIPS','CountyName',NULL,NULL) SET IDENTITY_INSERT dbo.Formitems OFF END
--IF NOT EXISTS (SELECT * FROM Formitems WHERE FormItemId = 3189) BEGIN SET IDENTITY_INSERT dbo.Formitems ON INSERT INTO Formitems (FormItemId, formsectionid, FormSectionGroupId, ItemType, ItemLabel, SortOrder, active, GlobalCodeCategory, ItemColumnName, ItemRequiresComment, ItemCommentColumnName, ItemWidth, MaximumLength, DropdownType, SharedTableName, StoredProcedureName, ValueField, TextField, MultilineEditFieldHeight, EachRadioButtonOnNewLine) VALUES(3189,291,759,'5374','<span style=''padding-left:95px''>State&nbsp;&nbsp;&nbsp;&nbsp;</span>',5,'Y',NULL,NULL,'N',NULL,NULL,NULL,NULL,NULL,NULL,NULL,NULL,NULL,NULL) SET IDENTITY_INSERT dbo.Formitems OFF END
--IF NOT EXISTS (SELECT * FROM Formitems WHERE FormItemId = 3190) BEGIN SET IDENTITY_INSERT dbo.Formitems ON INSERT INTO Formitems (FormItemId, formsectionid, FormSectionGroupId, ItemType, ItemLabel, SortOrder, active, GlobalCodeCategory, ItemColumnName, ItemRequiresComment, ItemCommentColumnName, ItemWidth, MaximumLength, DropdownType, SharedTableName, StoredProcedureName, ValueField, TextField, MultilineEditFieldHeight, EachRadioButtonOnNewLine) VALUES(3190,291,759,'5372','',6,'Y',NULL,'State','N',NULL,100,NULL,'T','States',NULL,'StateAbbreviation','StateName',NULL,NULL) SET IDENTITY_INSERT dbo.Formitems OFF END
--IF NOT EXISTS (SELECT * FROM Formitems WHERE FormItemId = 3191) BEGIN SET IDENTITY_INSERT dbo.Formitems ON INSERT INTO Formitems (FormItemId, formsectionid, FormSectionGroupId, ItemType, ItemLabel, SortOrder, active, GlobalCodeCategory, ItemColumnName, ItemRequiresComment, ItemCommentColumnName, ItemWidth, MaximumLength, DropdownType, SharedTableName, StoredProcedureName, ValueField, TextField, MultilineEditFieldHeight, EachRadioButtonOnNewLine) VALUES(3191,291,759,'5374','<span style=''padding-left:30px''>ZIP Code</span>',7,'Y',NULL,NULL,'N',NULL,NULL,NULL,NULL,NULL,NULL,NULL,NULL,NULL,NULL) SET IDENTITY_INSERT dbo.Formitems OFF END
--IF NOT EXISTS (SELECT * FROM Formitems WHERE FormItemId = 3192) BEGIN SET IDENTITY_INSERT dbo.Formitems ON INSERT INTO Formitems (FormItemId, formsectionid, FormSectionGroupId, ItemType, ItemLabel, SortOrder, active, GlobalCodeCategory, ItemColumnName, ItemRequiresComment, ItemCommentColumnName, ItemWidth, MaximumLength, DropdownType, SharedTableName, StoredProcedureName, ValueField, TextField, MultilineEditFieldHeight, EachRadioButtonOnNewLine) VALUES(3192,291,759,'5366','',8,'Y',NULL,'ZipCode','N',NULL,80,12,NULL,NULL,NULL,NULL,NULL,NULL,NULL) SET IDENTITY_INSERT dbo.Formitems OFF END

--IF NOT EXISTS (SELECT * FROM Formitems WHERE FormItemId = 3194) BEGIN SET IDENTITY_INSERT dbo.Formitems ON INSERT INTO Formitems (FormItemId, formsectionid, FormSectionGroupId, ItemType, ItemLabel, SortOrder, active, GlobalCodeCategory, ItemColumnName, ItemRequiresComment, ItemCommentColumnName, ItemWidth, MaximumLength, DropdownType, SharedTableName, StoredProcedureName, ValueField, TextField, MultilineEditFieldHeight, EachRadioButtonOnNewLine) VALUES(3194,291,760,'5366','Home phone',1,'Y',NULL,'HomePhone','N',NULL,80,35,NULL,NULL,NULL,NULL,NULL,NULL,NULL) SET IDENTITY_INSERT dbo.Formitems OFF END
--IF NOT EXISTS (SELECT * FROM Formitems WHERE FormItemId = 3196) BEGIN SET IDENTITY_INSERT dbo.Formitems ON INSERT INTO Formitems (FormItemId, formsectionid, FormSectionGroupId, ItemType, ItemLabel, SortOrder, active, GlobalCodeCategory, ItemColumnName, ItemRequiresComment, ItemCommentColumnName, ItemWidth, MaximumLength, DropdownType, SharedTableName, StoredProcedureName, ValueField, TextField, MultilineEditFieldHeight, EachRadioButtonOnNewLine) VALUES(3196,291,760,'5366','<span style=''padding-left:5px''>Home phone 2&nbsp;&nbsp;</span>',2,'Y',NULL,'HomePhone2','N',NULL,85,35,NULL,NULL,NULL,NULL,NULL,NULL,NULL) SET IDENTITY_INSERT dbo.Formitems OFF END
--IF NOT EXISTS (SELECT * FROM Formitems WHERE FormItemId = 3198) BEGIN SET IDENTITY_INSERT dbo.Formitems ON INSERT INTO Formitems (FormItemId, formsectionid, FormSectionGroupId, ItemType, ItemLabel, SortOrder, active, GlobalCodeCategory, ItemColumnName, ItemRequiresComment, ItemCommentColumnName, ItemWidth, MaximumLength, DropdownType, SharedTableName, StoredProcedureName, ValueField, TextField, MultilineEditFieldHeight, EachRadioButtonOnNewLine) VALUES(3198,291,760,'5366','<span style=''padding-left:95px''>Work phone</span>',3,'Y',NULL,'WorkPhone','N',NULL,80,35,NULL,NULL,NULL,NULL,NULL,NULL,NULL) SET IDENTITY_INSERT dbo.Formitems OFF END

--IF NOT EXISTS (SELECT * FROM Formitems WHERE FormItemId = 3200) BEGIN SET IDENTITY_INSERT dbo.Formitems ON INSERT INTO Formitems (FormItemId, formsectionid, FormSectionGroupId, ItemType, ItemLabel, SortOrder, active, GlobalCodeCategory, ItemColumnName, ItemRequiresComment, ItemCommentColumnName, ItemWidth, MaximumLength, DropdownType, SharedTableName, StoredProcedureName, ValueField, TextField, MultilineEditFieldHeight, EachRadioButtonOnNewLine) VALUES(3200,291,761,'5366','Cell phone&nbsp;&nbsp;&nbsp;',1,'Y',NULL,'CellPhone','N',NULL,80,35,NULL,NULL,NULL,NULL,NULL,NULL,NULL) SET IDENTITY_INSERT dbo.Formitems OFF END
--IF NOT EXISTS (SELECT * FROM Formitems WHERE FormItemId = 3202) BEGIN SET IDENTITY_INSERT dbo.Formitems ON INSERT INTO Formitems (FormItemId, formsectionid, FormSectionGroupId, ItemType, ItemLabel, SortOrder, active, GlobalCodeCategory, ItemColumnName, ItemRequiresComment, ItemCommentColumnName, ItemWidth, MaximumLength, DropdownType, SharedTableName, StoredProcedureName, ValueField, TextField, MultilineEditFieldHeight, EachRadioButtonOnNewLine) VALUES(3202,291,761,'5366','<span style=''padding-left:5px''>Message phone</span>',2,'Y',NULL,'MessagePhone','N',NULL,85,35,NULL,NULL,NULL,NULL,NULL,NULL,NULL) SET IDENTITY_INSERT dbo.Formitems OFF END
/*-------FormItems End--------*/

--select * from FormItems where FormItemId between 3221 and 3242