/*-------Forms Start-------*/
IF NOT EXISTS (SELECT * FROM forms WHERE formid = 5013) BEGIN SET IDENTITY_INSERT dbo.forms ON INSERT INTO forms(formid, formname, TableName, TotalNumberOfColumns, Active, RetrieveStoredProcedure) values(5013,'CustomClients','CustomClients',1,'Y','') SET IDENTITY_INSERT dbo.forms OFF END
/*-------Forms End-------*/
/*-------FormSections Start--------*/
IF NOT EXISTS (SELECT * FROM FormSections WHERE FormSectionId = 395) BEGIN SET IDENTITY_INSERT dbo.FormSections ON INSERT INTO dbo.FormSections(FormSectionId, formid, SortOrder, PlaceOnTopOfPage, SectionLabel, Active, SectionEnableCheckBox, SectionEnableCheckBoxText, SectionEnableCheckBoxColumnName, NumberOfColumns) values(395,5013,1,'N','Child Accompaniment','Y','Y','Client is accompanied by child in residential care','AccompaniedByChild',1) SET IDENTITY_INSERT dbo.FormSections OFF END
IF NOT EXISTS (SELECT * FROM FormSections WHERE FormSectionId = 396) BEGIN SET IDENTITY_INSERT dbo.FormSections ON INSERT INTO dbo.FormSections(FormSectionId, formid, SortOrder, PlaceOnTopOfPage, SectionLabel, Active, SectionEnableCheckBox, SectionEnableCheckBoxText, SectionEnableCheckBoxColumnName, NumberOfColumns) values(396,5013,2,'N','Additional Educational Training','Y','Y','Client is currently enrolled in Educational/Vocational Training?','CurrentlyEnrolledInEducation',1) SET IDENTITY_INSERT dbo.FormSections OFF END
IF NOT EXISTS (SELECT * FROM FormSections WHERE FormSectionId = 397) BEGIN SET IDENTITY_INSERT dbo.FormSections ON INSERT INTO dbo.FormSections(FormSectionId, formid, SortOrder, PlaceOnTopOfPage, SectionLabel, Active, SectionEnableCheckBox, SectionEnableCheckBoxText, SectionEnableCheckBoxColumnName, NumberOfColumns) values(397,5013,3,'N','TCU Test Scores','Y','N',NULL,NULL,1) SET IDENTITY_INSERT dbo.FormSections OFF END
IF NOT EXISTS (SELECT * FROM FormSections WHERE FormSectionId = 398) BEGIN SET IDENTITY_INSERT dbo.FormSections ON INSERT INTO dbo.FormSections(FormSectionId, formid, SortOrder, PlaceOnTopOfPage, SectionLabel, Active, SectionEnableCheckBox, SectionEnableCheckBoxText, SectionEnableCheckBoxColumnName, NumberOfColumns) values(398,5013,4,'N','AIP Information','Y','N',NULL,NULL,1) SET IDENTITY_INSERT dbo.FormSections OFF END
IF NOT EXISTS (SELECT * FROM FormSections WHERE FormSectionId = 1000) BEGIN SET IDENTITY_INSERT dbo.FormSections ON INSERT INTO dbo.FormSections(FormSectionId, formid, SortOrder, PlaceOnTopOfPage, SectionLabel, Active, SectionEnableCheckBox, SectionEnableCheckBoxText, SectionEnableCheckBoxColumnName, NumberOfColumns) values(1000,5013,5,NULL,'Basic Demographics','Y','N',NULL,NULL,4) SET IDENTITY_INSERT dbo.FormSections OFF END
/*-------FormSections End--------*/
/*-------FormSectionGroups Start--------*/
IF NOT EXISTS (SELECT * FROM FormSectionGroups WHERE FormSectionGroupId = 1005) BEGIN SET IDENTITY_INSERT dbo.FormSectionGroups ON INSERT INTO dbo.FormSectionGroups (FormSectionGroupId, formsectionid, SortOrder, GroupLabel, Active, GroupEnableCheckBox, GroupEnableCheckBoxText, GroupEnableCheckBoxColumnName,  NumberOfItemsInRow) VALUES(1005,395,1,NULL,'Y','N',NULL,NULL,4) SET IDENTITY_INSERT dbo.FormSectionGroups OFF END
IF NOT EXISTS (SELECT * FROM FormSectionGroups WHERE FormSectionGroupId = 1006) BEGIN SET IDENTITY_INSERT dbo.FormSectionGroups ON INSERT INTO dbo.FormSectionGroups (FormSectionGroupId, formsectionid, SortOrder, GroupLabel, Active, GroupEnableCheckBox, GroupEnableCheckBoxText, GroupEnableCheckBoxColumnName,  NumberOfItemsInRow) VALUES(1006,396,1,NULL,'Y','N',NULL,NULL,1) SET IDENTITY_INSERT dbo.FormSectionGroups OFF END
/*-------FormSectionGroups End--------*/
/*-------FormItems Start--------*/
/*-------FormItems End--------*/
IF NOT EXISTS (SELECT * FROM FormSectionGroups WHERE FormSectionGroupId = 1007) BEGIN SET IDENTITY_INSERT dbo.FormSectionGroups ON INSERT INTO dbo.FormSectionGroups (FormSectionGroupId, formsectionid, SortOrder, GroupLabel, Active, GroupEnableCheckBox, GroupEnableCheckBoxText, GroupEnableCheckBoxColumnName,  NumberOfItemsInRow) VALUES(1007,397,1,NULL,'Y','N',NULL,NULL,2) SET IDENTITY_INSERT dbo.FormSectionGroups OFF END
IF NOT EXISTS (SELECT * FROM FormSectionGroups WHERE FormSectionGroupId = 1008) BEGIN SET IDENTITY_INSERT dbo.FormSectionGroups ON INSERT INTO dbo.FormSectionGroups (FormSectionGroupId, formsectionid, SortOrder, GroupLabel, Active, GroupEnableCheckBox, GroupEnableCheckBoxText, GroupEnableCheckBoxColumnName,  NumberOfItemsInRow) VALUES(1008,398,1,NULL,'Y','N',NULL,NULL,3) SET IDENTITY_INSERT dbo.FormSectionGroups OFF END
IF NOT EXISTS (SELECT * FROM FormSectionGroups WHERE FormSectionGroupId = 2000) BEGIN SET IDENTITY_INSERT dbo.FormSectionGroups ON INSERT INTO dbo.FormSectionGroups (FormSectionGroupId, formsectionid, SortOrder, GroupLabel, Active, GroupEnableCheckBox, GroupEnableCheckBoxText, GroupEnableCheckBoxColumnName,  NumberOfItemsInRow) VALUES(2000,1000,1,NULL,'Y',NULL,NULL,NULL,2) SET IDENTITY_INSERT dbo.FormSectionGroups OFF END
IF NOT EXISTS (SELECT * FROM Formitems WHERE FormItemId = 4373) BEGIN SET IDENTITY_INSERT dbo.Formitems ON INSERT INTO Formitems (FormItemId, formsectionid, FormSectionGroupId, ItemType, ItemLabel, SortOrder, active, GlobalCodeCategory, ItemColumnName, ItemRequiresComment, ItemCommentColumnName, ItemWidth, MaximumLength, DropdownType, SharedTableName, StoredProcedureName, ValueField, TextField, MultilineEditFieldHeight, EachRadioButtonOnNewLine) VALUES(4373,395,1005,'5361','Child Name',1,'Y',NULL,'ChildName1','N',NULL,150,NULL,NULL,NULL,NULL,NULL,NULL,NULL,'N') SET IDENTITY_INSERT dbo.Formitems OFF END
IF NOT EXISTS (SELECT * FROM Formitems WHERE FormItemId = 4374) BEGIN SET IDENTITY_INSERT dbo.Formitems ON INSERT INTO Formitems (FormItemId, formsectionid, FormSectionGroupId, ItemType, ItemLabel, SortOrder, active, GlobalCodeCategory, ItemColumnName, ItemRequiresComment, ItemCommentColumnName, ItemWidth, MaximumLength, DropdownType, SharedTableName, StoredProcedureName, ValueField, TextField, MultilineEditFieldHeight, EachRadioButtonOnNewLine) VALUES(4374,395,1005,'5367','DOB',2,'Y',NULL,'ChildDOB1','N',NULL,50,NULL,NULL,NULL,NULL,NULL,NULL,NULL,'N') SET IDENTITY_INSERT dbo.Formitems OFF END
IF NOT EXISTS (SELECT * FROM Formitems WHERE FormItemId = 4375) BEGIN SET IDENTITY_INSERT dbo.Formitems ON INSERT INTO Formitems (FormItemId, formsectionid, FormSectionGroupId, ItemType, ItemLabel, SortOrder, active, GlobalCodeCategory, ItemColumnName, ItemRequiresComment, ItemCommentColumnName, ItemWidth, MaximumLength, DropdownType, SharedTableName, StoredProcedureName, ValueField, TextField, MultilineEditFieldHeight, EachRadioButtonOnNewLine) VALUES(4375,395,1005,'5367','Move In Date',3,'Y',NULL,'MoveInDate1','N',NULL,50,NULL,NULL,NULL,NULL,NULL,NULL,NULL,'N') SET IDENTITY_INSERT dbo.Formitems OFF END
IF NOT EXISTS (SELECT * FROM Formitems WHERE FormItemId = 4376) BEGIN SET IDENTITY_INSERT dbo.Formitems ON INSERT INTO Formitems (FormItemId, formsectionid, FormSectionGroupId, ItemType, ItemLabel, SortOrder, active, GlobalCodeCategory, ItemColumnName, ItemRequiresComment, ItemCommentColumnName, ItemWidth, MaximumLength, DropdownType, SharedTableName, StoredProcedureName, ValueField, TextField, MultilineEditFieldHeight, EachRadioButtonOnNewLine) VALUES(4376,395,1005,'5374','Move Out Date',4,'Y',NULL,'MoveOutDate1','N',NULL,50,NULL,NULL,NULL,NULL,NULL,NULL,NULL,'N') SET IDENTITY_INSERT dbo.Formitems OFF END
IF NOT EXISTS (SELECT * FROM Formitems WHERE FormItemId = 4377) BEGIN SET IDENTITY_INSERT dbo.Formitems ON INSERT INTO Formitems (FormItemId, formsectionid, FormSectionGroupId, ItemType, ItemLabel, SortOrder, active, GlobalCodeCategory, ItemColumnName, ItemRequiresComment, ItemCommentColumnName, ItemWidth, MaximumLength, DropdownType, SharedTableName, StoredProcedureName, ValueField, TextField, MultilineEditFieldHeight, EachRadioButtonOnNewLine) VALUES(4377,395,1005,'5361','Reason For Leaving',5,'Y',NULL,'ReasonForLeaving1','N',NULL,200,NULL,NULL,NULL,NULL,NULL,NULL,NULL,'N') SET IDENTITY_INSERT dbo.Formitems OFF END
IF NOT EXISTS (SELECT * FROM Formitems WHERE FormItemId = 4378) BEGIN SET IDENTITY_INSERT dbo.Formitems ON INSERT INTO Formitems (FormItemId, formsectionid, FormSectionGroupId, ItemType, ItemLabel, SortOrder, active, GlobalCodeCategory, ItemColumnName, ItemRequiresComment, ItemCommentColumnName, ItemWidth, MaximumLength, DropdownType, SharedTableName, StoredProcedureName, ValueField, TextField, MultilineEditFieldHeight, EachRadioButtonOnNewLine) VALUES(4378,395,1005,'5361','Child Name',1,'Y',NULL,'ChildName1','N',NULL,200,NULL,NULL,NULL,NULL,NULL,NULL,NULL,'N') SET IDENTITY_INSERT dbo.Formitems OFF END
IF NOT EXISTS (SELECT * FROM Formitems WHERE FormItemId = 4379) BEGIN SET IDENTITY_INSERT dbo.Formitems ON INSERT INTO Formitems (FormItemId, formsectionid, FormSectionGroupId, ItemType, ItemLabel, SortOrder, active, GlobalCodeCategory, ItemColumnName, ItemRequiresComment, ItemCommentColumnName, ItemWidth, MaximumLength, DropdownType, SharedTableName, StoredProcedureName, ValueField, TextField, MultilineEditFieldHeight, EachRadioButtonOnNewLine) VALUES(4379,395,1005,'5367','DOB',2,'Y',NULL,'ChildDOB1','N',NULL,50,NULL,NULL,NULL,NULL,NULL,NULL,NULL,'N') SET IDENTITY_INSERT dbo.Formitems OFF END
IF NOT EXISTS (SELECT * FROM Formitems WHERE FormItemId = 4380) BEGIN SET IDENTITY_INSERT dbo.Formitems ON INSERT INTO Formitems (FormItemId, formsectionid, FormSectionGroupId, ItemType, ItemLabel, SortOrder, active, GlobalCodeCategory, ItemColumnName, ItemRequiresComment, ItemCommentColumnName, ItemWidth, MaximumLength, DropdownType, SharedTableName, StoredProcedureName, ValueField, TextField, MultilineEditFieldHeight, EachRadioButtonOnNewLine) VALUES(4380,395,1005,'5367','Move In Date',3,'Y',NULL,'MoveInDate1','N',NULL,50,NULL,NULL,NULL,NULL,NULL,NULL,NULL,'N') SET IDENTITY_INSERT dbo.Formitems OFF END
IF NOT EXISTS (SELECT * FROM Formitems WHERE FormItemId = 4381) BEGIN SET IDENTITY_INSERT dbo.Formitems ON INSERT INTO Formitems (FormItemId, formsectionid, FormSectionGroupId, ItemType, ItemLabel, SortOrder, active, GlobalCodeCategory, ItemColumnName, ItemRequiresComment, ItemCommentColumnName, ItemWidth, MaximumLength, DropdownType, SharedTableName, StoredProcedureName, ValueField, TextField, MultilineEditFieldHeight, EachRadioButtonOnNewLine) VALUES(4381,395,1005,'5367','Move Out Date',4,'Y',NULL,'MoveOutDate1','N',NULL,50,NULL,NULL,NULL,NULL,NULL,NULL,NULL,'N') SET IDENTITY_INSERT dbo.Formitems OFF END
IF NOT EXISTS (SELECT * FROM Formitems WHERE FormItemId = 4382) BEGIN SET IDENTITY_INSERT dbo.Formitems ON INSERT INTO Formitems (FormItemId, formsectionid, FormSectionGroupId, ItemType, ItemLabel, SortOrder, active, GlobalCodeCategory, ItemColumnName, ItemRequiresComment, ItemCommentColumnName, ItemWidth, MaximumLength, DropdownType, SharedTableName, StoredProcedureName, ValueField, TextField, MultilineEditFieldHeight, EachRadioButtonOnNewLine) VALUES(4382,395,1005,'5361','Reason for Leaving',5,'Y',NULL,'ReasonForLeaving1','N',NULL,163,NULL,NULL,NULL,NULL,NULL,NULL,NULL,'N') SET IDENTITY_INSERT dbo.Formitems OFF END
IF NOT EXISTS (SELECT * FROM Formitems WHERE FormItemId = 4383) BEGIN SET IDENTITY_INSERT dbo.Formitems ON INSERT INTO Formitems (FormItemId, formsectionid, FormSectionGroupId, ItemType, ItemLabel, SortOrder, active, GlobalCodeCategory, ItemColumnName, ItemRequiresComment, ItemCommentColumnName, ItemWidth, MaximumLength, DropdownType, SharedTableName, StoredProcedureName, ValueField, TextField, MultilineEditFieldHeight, EachRadioButtonOnNewLine) VALUES(4383,395,1005,'5374','',2,'Y',NULL,NULL,'N',NULL,NULL,NULL,NULL,NULL,NULL,NULL,NULL,NULL,'N') SET IDENTITY_INSERT dbo.Formitems OFF END
IF NOT EXISTS (SELECT * FROM Formitems WHERE FormItemId = 4384) BEGIN SET IDENTITY_INSERT dbo.Formitems ON INSERT INTO Formitems (FormItemId, formsectionid, FormSectionGroupId, ItemType, ItemLabel, SortOrder, active, GlobalCodeCategory, ItemColumnName, ItemRequiresComment, ItemCommentColumnName, ItemWidth, MaximumLength, DropdownType, SharedTableName, StoredProcedureName, ValueField, TextField, MultilineEditFieldHeight, EachRadioButtonOnNewLine) VALUES(4384,395,1005,'5374','',3,'Y',NULL,NULL,'N',NULL,NULL,NULL,NULL,NULL,NULL,NULL,NULL,NULL,'N') SET IDENTITY_INSERT dbo.Formitems OFF END
IF NOT EXISTS (SELECT * FROM Formitems WHERE FormItemId = 4385) BEGIN SET IDENTITY_INSERT dbo.Formitems ON INSERT INTO Formitems (FormItemId, formsectionid, FormSectionGroupId, ItemType, ItemLabel, SortOrder, active, GlobalCodeCategory, ItemColumnName, ItemRequiresComment, ItemCommentColumnName, ItemWidth, MaximumLength, DropdownType, SharedTableName, StoredProcedureName, ValueField, TextField, MultilineEditFieldHeight, EachRadioButtonOnNewLine) VALUES(4385,395,1005,'5374','',4,'Y',NULL,NULL,'N',NULL,NULL,NULL,NULL,NULL,NULL,NULL,NULL,NULL,'N') SET IDENTITY_INSERT dbo.Formitems OFF END
IF NOT EXISTS (SELECT * FROM Formitems WHERE FormItemId = 4386) BEGIN SET IDENTITY_INSERT dbo.Formitems ON INSERT INTO Formitems (FormItemId, formsectionid, FormSectionGroupId, ItemType, ItemLabel, SortOrder, active, GlobalCodeCategory, ItemColumnName, ItemRequiresComment, ItemCommentColumnName, ItemWidth, MaximumLength, DropdownType, SharedTableName, StoredProcedureName, ValueField, TextField, MultilineEditFieldHeight, EachRadioButtonOnNewLine) VALUES(4386,395,1005,'5367','Move Out Date',4,'Y',NULL,'MoveOutDate1','N',NULL,50,NULL,NULL,NULL,NULL,NULL,NULL,NULL,'N') SET IDENTITY_INSERT dbo.Formitems OFF END
IF NOT EXISTS (SELECT * FROM Formitems WHERE FormItemId = 4387) BEGIN SET IDENTITY_INSERT dbo.Formitems ON INSERT INTO Formitems (FormItemId, formsectionid, FormSectionGroupId, ItemType, ItemLabel, SortOrder, active, GlobalCodeCategory, ItemColumnName, ItemRequiresComment, ItemCommentColumnName, ItemWidth, MaximumLength, DropdownType, SharedTableName, StoredProcedureName, ValueField, TextField, MultilineEditFieldHeight, EachRadioButtonOnNewLine) VALUES(4387,395,1005,'5374','',6,'Y',NULL,NULL,'N',NULL,50,NULL,NULL,NULL,NULL,NULL,NULL,NULL,'N') SET IDENTITY_INSERT dbo.Formitems OFF END
IF NOT EXISTS (SELECT * FROM Formitems WHERE FormItemId = 4388) BEGIN SET IDENTITY_INSERT dbo.Formitems ON INSERT INTO Formitems (FormItemId, formsectionid, FormSectionGroupId, ItemType, ItemLabel, SortOrder, active, GlobalCodeCategory, ItemColumnName, ItemRequiresComment, ItemCommentColumnName, ItemWidth, MaximumLength, DropdownType, SharedTableName, StoredProcedureName, ValueField, TextField, MultilineEditFieldHeight, EachRadioButtonOnNewLine) VALUES(4388,395,1005,'5374','',7,'Y',NULL,NULL,'N',NULL,50,NULL,NULL,NULL,NULL,NULL,NULL,NULL,'N') SET IDENTITY_INSERT dbo.Formitems OFF END
IF NOT EXISTS (SELECT * FROM Formitems WHERE FormItemId = 4389) BEGIN SET IDENTITY_INSERT dbo.Formitems ON INSERT INTO Formitems (FormItemId, formsectionid, FormSectionGroupId, ItemType, ItemLabel, SortOrder, active, GlobalCodeCategory, ItemColumnName, ItemRequiresComment, ItemCommentColumnName, ItemWidth, MaximumLength, DropdownType, SharedTableName, StoredProcedureName, ValueField, TextField, MultilineEditFieldHeight, EachRadioButtonOnNewLine) VALUES(4389,395,1005,'5374','',8,'Y',NULL,NULL,'N',NULL,50,NULL,NULL,NULL,NULL,NULL,NULL,NULL,'N') SET IDENTITY_INSERT dbo.Formitems OFF END
IF NOT EXISTS (SELECT * FROM Formitems WHERE FormItemId = 4390) BEGIN SET IDENTITY_INSERT dbo.Formitems ON INSERT INTO Formitems (FormItemId, formsectionid, FormSectionGroupId, ItemType, ItemLabel, SortOrder, active, GlobalCodeCategory, ItemColumnName, ItemRequiresComment, ItemCommentColumnName, ItemWidth, MaximumLength, DropdownType, SharedTableName, StoredProcedureName, ValueField, TextField, MultilineEditFieldHeight, EachRadioButtonOnNewLine) VALUES(4390,395,1005,'5361','Child Name',9,'Y',NULL,'ChildName2','N',NULL,200,NULL,NULL,NULL,NULL,NULL,NULL,NULL,'N') SET IDENTITY_INSERT dbo.Formitems OFF END
IF NOT EXISTS (SELECT * FROM Formitems WHERE FormItemId = 4391) BEGIN SET IDENTITY_INSERT dbo.Formitems ON INSERT INTO Formitems (FormItemId, formsectionid, FormSectionGroupId, ItemType, ItemLabel, SortOrder, active, GlobalCodeCategory, ItemColumnName, ItemRequiresComment, ItemCommentColumnName, ItemWidth, MaximumLength, DropdownType, SharedTableName, StoredProcedureName, ValueField, TextField, MultilineEditFieldHeight, EachRadioButtonOnNewLine) VALUES(4391,395,1005,'5367','DOB',10,'Y',NULL,'ChildDOB2','N',NULL,50,NULL,NULL,NULL,NULL,NULL,NULL,NULL,'N') SET IDENTITY_INSERT dbo.Formitems OFF END
IF NOT EXISTS (SELECT * FROM Formitems WHERE FormItemId = 4392) BEGIN SET IDENTITY_INSERT dbo.Formitems ON INSERT INTO Formitems (FormItemId, formsectionid, FormSectionGroupId, ItemType, ItemLabel, SortOrder, active, GlobalCodeCategory, ItemColumnName, ItemRequiresComment, ItemCommentColumnName, ItemWidth, MaximumLength, DropdownType, SharedTableName, StoredProcedureName, ValueField, TextField, MultilineEditFieldHeight, EachRadioButtonOnNewLine) VALUES(4392,395,1005,'5367','Move In Date',11,'Y',NULL,'MoveInDate1','N',NULL,50,NULL,NULL,NULL,NULL,NULL,NULL,NULL,'N') SET IDENTITY_INSERT dbo.Formitems OFF END
IF NOT EXISTS (SELECT * FROM Formitems WHERE FormItemId = 4393) BEGIN SET IDENTITY_INSERT dbo.Formitems ON INSERT INTO Formitems (FormItemId, formsectionid, FormSectionGroupId, ItemType, ItemLabel, SortOrder, active, GlobalCodeCategory, ItemColumnName, ItemRequiresComment, ItemCommentColumnName, ItemWidth, MaximumLength, DropdownType, SharedTableName, StoredProcedureName, ValueField, TextField, MultilineEditFieldHeight, EachRadioButtonOnNewLine) VALUES(4393,395,1005,'5367','Move Out Date',12,'Y',NULL,'MoveOutDate2','N',NULL,50,NULL,NULL,NULL,NULL,NULL,NULL,NULL,'N') SET IDENTITY_INSERT dbo.Formitems OFF END
IF NOT EXISTS (SELECT * FROM Formitems WHERE FormItemId = 4394) BEGIN SET IDENTITY_INSERT dbo.Formitems ON INSERT INTO Formitems (FormItemId, formsectionid, FormSectionGroupId, ItemType, ItemLabel, SortOrder, active, GlobalCodeCategory, ItemColumnName, ItemRequiresComment, ItemCommentColumnName, ItemWidth, MaximumLength, DropdownType, SharedTableName, StoredProcedureName, ValueField, TextField, MultilineEditFieldHeight, EachRadioButtonOnNewLine) VALUES(4394,395,1005,'5361','Reason for Leaving',13,'Y',NULL,'ReasonForLeaving2','N',NULL,163,NULL,NULL,NULL,NULL,NULL,NULL,NULL,'N') SET IDENTITY_INSERT dbo.Formitems OFF END
IF NOT EXISTS (SELECT * FROM Formitems WHERE FormItemId = 4395) BEGIN SET IDENTITY_INSERT dbo.Formitems ON INSERT INTO Formitems (FormItemId, formsectionid, FormSectionGroupId, ItemType, ItemLabel, SortOrder, active, GlobalCodeCategory, ItemColumnName, ItemRequiresComment, ItemCommentColumnName, ItemWidth, MaximumLength, DropdownType, SharedTableName, StoredProcedureName, ValueField, TextField, MultilineEditFieldHeight, EachRadioButtonOnNewLine) VALUES(4395,395,1005,'5374','',14,'Y',NULL,NULL,'N',NULL,50,NULL,NULL,NULL,NULL,NULL,NULL,NULL,'N') SET IDENTITY_INSERT dbo.Formitems OFF END
IF NOT EXISTS (SELECT * FROM Formitems WHERE FormItemId = 4396) BEGIN SET IDENTITY_INSERT dbo.Formitems ON INSERT INTO Formitems (FormItemId, formsectionid, FormSectionGroupId, ItemType, ItemLabel, SortOrder, active, GlobalCodeCategory, ItemColumnName, ItemRequiresComment, ItemCommentColumnName, ItemWidth, MaximumLength, DropdownType, SharedTableName, StoredProcedureName, ValueField, TextField, MultilineEditFieldHeight, EachRadioButtonOnNewLine) VALUES(4396,395,1005,'5374','',15,'Y',NULL,NULL,'N',NULL,50,NULL,NULL,NULL,NULL,NULL,NULL,NULL,'N') SET IDENTITY_INSERT dbo.Formitems OFF END
IF NOT EXISTS (SELECT * FROM Formitems WHERE FormItemId = 4397) BEGIN SET IDENTITY_INSERT dbo.Formitems ON INSERT INTO Formitems (FormItemId, formsectionid, FormSectionGroupId, ItemType, ItemLabel, SortOrder, active, GlobalCodeCategory, ItemColumnName, ItemRequiresComment, ItemCommentColumnName, ItemWidth, MaximumLength, DropdownType, SharedTableName, StoredProcedureName, ValueField, TextField, MultilineEditFieldHeight, EachRadioButtonOnNewLine) VALUES(4397,395,1005,'5374','',16,'Y',NULL,NULL,'N',NULL,50,NULL,NULL,NULL,NULL,NULL,NULL,NULL,'N') SET IDENTITY_INSERT dbo.Formitems OFF END
IF NOT EXISTS (SELECT * FROM Formitems WHERE FormItemId = 4398) BEGIN SET IDENTITY_INSERT dbo.Formitems ON INSERT INTO Formitems (FormItemId, formsectionid, FormSectionGroupId, ItemType, ItemLabel, SortOrder, active, GlobalCodeCategory, ItemColumnName, ItemRequiresComment, ItemCommentColumnName, ItemWidth, MaximumLength, DropdownType, SharedTableName, StoredProcedureName, ValueField, TextField, MultilineEditFieldHeight, EachRadioButtonOnNewLine) VALUES(4398,395,1005,'5361','Child Name',17,'Y',NULL,'ChildName3','N',NULL,200,NULL,NULL,NULL,NULL,NULL,NULL,NULL,'N') SET IDENTITY_INSERT dbo.Formitems OFF END
IF NOT EXISTS (SELECT * FROM Formitems WHERE FormItemId = 4399) BEGIN SET IDENTITY_INSERT dbo.Formitems ON INSERT INTO Formitems (FormItemId, formsectionid, FormSectionGroupId, ItemType, ItemLabel, SortOrder, active, GlobalCodeCategory, ItemColumnName, ItemRequiresComment, ItemCommentColumnName, ItemWidth, MaximumLength, DropdownType, SharedTableName, StoredProcedureName, ValueField, TextField, MultilineEditFieldHeight, EachRadioButtonOnNewLine) VALUES(4399,395,1005,'5367','DOB',18,'Y',NULL,'ChildDOB3','N',NULL,50,NULL,NULL,NULL,NULL,NULL,NULL,NULL,'N') SET IDENTITY_INSERT dbo.Formitems OFF END
IF NOT EXISTS (SELECT * FROM Formitems WHERE FormItemId = 4400) BEGIN SET IDENTITY_INSERT dbo.Formitems ON INSERT INTO Formitems (FormItemId, formsectionid, FormSectionGroupId, ItemType, ItemLabel, SortOrder, active, GlobalCodeCategory, ItemColumnName, ItemRequiresComment, ItemCommentColumnName, ItemWidth, MaximumLength, DropdownType, SharedTableName, StoredProcedureName, ValueField, TextField, MultilineEditFieldHeight, EachRadioButtonOnNewLine) VALUES(4400,395,1005,'5367','Move In Date',19,'Y',NULL,'MoveInDate3','N',NULL,50,NULL,NULL,NULL,NULL,NULL,NULL,NULL,'N') SET IDENTITY_INSERT dbo.Formitems OFF END
IF NOT EXISTS (SELECT * FROM Formitems WHERE FormItemId = 4401) BEGIN SET IDENTITY_INSERT dbo.Formitems ON INSERT INTO Formitems (FormItemId, formsectionid, FormSectionGroupId, ItemType, ItemLabel, SortOrder, active, GlobalCodeCategory, ItemColumnName, ItemRequiresComment, ItemCommentColumnName, ItemWidth, MaximumLength, DropdownType, SharedTableName, StoredProcedureName, ValueField, TextField, MultilineEditFieldHeight, EachRadioButtonOnNewLine) VALUES(4401,395,1005,'5367','Move Out Date',20,'Y',NULL,'MoveOutDate3','N',NULL,50,NULL,NULL,NULL,NULL,NULL,NULL,NULL,'N') SET IDENTITY_INSERT dbo.Formitems OFF END
IF NOT EXISTS (SELECT * FROM Formitems WHERE FormItemId = 4402) BEGIN SET IDENTITY_INSERT dbo.Formitems ON INSERT INTO Formitems (FormItemId, formsectionid, FormSectionGroupId, ItemType, ItemLabel, SortOrder, active, GlobalCodeCategory, ItemColumnName, ItemRequiresComment, ItemCommentColumnName, ItemWidth, MaximumLength, DropdownType, SharedTableName, StoredProcedureName, ValueField, TextField, MultilineEditFieldHeight, EachRadioButtonOnNewLine) VALUES(4402,395,1005,'5361','Reason for Leaving',21,'Y',NULL,'ReasonForLeaving3','N',NULL,163,NULL,NULL,NULL,NULL,NULL,NULL,NULL,'N') SET IDENTITY_INSERT dbo.Formitems OFF END
IF NOT EXISTS (SELECT * FROM Formitems WHERE FormItemId = 4403) BEGIN SET IDENTITY_INSERT dbo.Formitems ON INSERT INTO Formitems (FormItemId, formsectionid, FormSectionGroupId, ItemType, ItemLabel, SortOrder, active, GlobalCodeCategory, ItemColumnName, ItemRequiresComment, ItemCommentColumnName, ItemWidth, MaximumLength, DropdownType, SharedTableName, StoredProcedureName, ValueField, TextField, MultilineEditFieldHeight, EachRadioButtonOnNewLine) VALUES(4403,395,1005,'5374','',22,'Y',NULL,NULL,'N',NULL,50,NULL,NULL,NULL,NULL,NULL,NULL,NULL,'N') SET IDENTITY_INSERT dbo.Formitems OFF END
IF NOT EXISTS (SELECT * FROM Formitems WHERE FormItemId = 4404) BEGIN SET IDENTITY_INSERT dbo.Formitems ON INSERT INTO Formitems (FormItemId, formsectionid, FormSectionGroupId, ItemType, ItemLabel, SortOrder, active, GlobalCodeCategory, ItemColumnName, ItemRequiresComment, ItemCommentColumnName, ItemWidth, MaximumLength, DropdownType, SharedTableName, StoredProcedureName, ValueField, TextField, MultilineEditFieldHeight, EachRadioButtonOnNewLine) VALUES(4404,395,1005,'5374','',23,'Y',NULL,NULL,'N',NULL,50,NULL,NULL,NULL,NULL,NULL,NULL,NULL,'N') SET IDENTITY_INSERT dbo.Formitems OFF END
IF NOT EXISTS (SELECT * FROM Formitems WHERE FormItemId = 4405) BEGIN SET IDENTITY_INSERT dbo.Formitems ON INSERT INTO Formitems (FormItemId, formsectionid, FormSectionGroupId, ItemType, ItemLabel, SortOrder, active, GlobalCodeCategory, ItemColumnName, ItemRequiresComment, ItemCommentColumnName, ItemWidth, MaximumLength, DropdownType, SharedTableName, StoredProcedureName, ValueField, TextField, MultilineEditFieldHeight, EachRadioButtonOnNewLine) VALUES(4405,395,1005,'5374','',24,'Y',NULL,NULL,'N',NULL,50,NULL,NULL,NULL,NULL,NULL,NULL,NULL,'N') SET IDENTITY_INSERT dbo.Formitems OFF END
IF NOT EXISTS (SELECT * FROM Formitems WHERE FormItemId = 4406) BEGIN SET IDENTITY_INSERT dbo.Formitems ON INSERT INTO Formitems (FormItemId, formsectionid, FormSectionGroupId, ItemType, ItemLabel, SortOrder, active, GlobalCodeCategory, ItemColumnName, ItemRequiresComment, ItemCommentColumnName, ItemWidth, MaximumLength, DropdownType, SharedTableName, StoredProcedureName, ValueField, TextField, MultilineEditFieldHeight, EachRadioButtonOnNewLine) VALUES(4406,396,1006,'5361','Name of School',1,'Y',NULL,'NameOfSchool','N',NULL,450,NULL,NULL,NULL,NULL,NULL,NULL,NULL,'N') SET IDENTITY_INSERT dbo.Formitems OFF END
IF NOT EXISTS (SELECT * FROM Formitems WHERE FormItemId = 4407) BEGIN SET IDENTITY_INSERT dbo.Formitems ON INSERT INTO Formitems (FormItemId, formsectionid, FormSectionGroupId, ItemType, ItemLabel, SortOrder, active, GlobalCodeCategory, ItemColumnName, ItemRequiresComment, ItemCommentColumnName, ItemWidth, MaximumLength, DropdownType, SharedTableName, StoredProcedureName, ValueField, TextField, MultilineEditFieldHeight, EachRadioButtonOnNewLine) VALUES(4407,397,1007,'5367','Entry Score Date',1,'Y',NULL,'TCUEntryDate','N',NULL,50,NULL,NULL,NULL,NULL,NULL,NULL,NULL,'N') SET IDENTITY_INSERT dbo.Formitems OFF END
IF NOT EXISTS (SELECT * FROM Formitems WHERE FormItemId = 4408) BEGIN SET IDENTITY_INSERT dbo.Formitems ON INSERT INTO Formitems (FormItemId, formsectionid, FormSectionGroupId, ItemType, ItemLabel, SortOrder, active, GlobalCodeCategory, ItemColumnName, ItemRequiresComment, ItemCommentColumnName, ItemWidth, MaximumLength, DropdownType, SharedTableName, StoredProcedureName, ValueField, TextField, MultilineEditFieldHeight, EachRadioButtonOnNewLine) VALUES(4408,397,1007,'5361','Score',2,'Y',NULL,'TCUScore','N',NULL,250,NULL,NULL,NULL,NULL,NULL,NULL,NULL,'N') SET IDENTITY_INSERT dbo.Formitems OFF END
IF NOT EXISTS (SELECT * FROM Formitems WHERE FormItemId = 4409) BEGIN SET IDENTITY_INSERT dbo.Formitems ON INSERT INTO Formitems (FormItemId, formsectionid, FormSectionGroupId, ItemType, ItemLabel, SortOrder, active, GlobalCodeCategory, ItemColumnName, ItemRequiresComment, ItemCommentColumnName, ItemWidth, MaximumLength, DropdownType, SharedTableName, StoredProcedureName, ValueField, TextField, MultilineEditFieldHeight, EachRadioButtonOnNewLine) VALUES(4409,397,1007,'5367','90 Day Score Date',3,'Y',NULL,'NinetyDayScoreDate','N',NULL,50,NULL,NULL,NULL,NULL,NULL,NULL,NULL,'N') SET IDENTITY_INSERT dbo.Formitems OFF END
IF NOT EXISTS (SELECT * FROM Formitems WHERE FormItemId = 4410) BEGIN SET IDENTITY_INSERT dbo.Formitems ON INSERT INTO Formitems (FormItemId, formsectionid, FormSectionGroupId, ItemType, ItemLabel, SortOrder, active, GlobalCodeCategory, ItemColumnName, ItemRequiresComment, ItemCommentColumnName, ItemWidth, MaximumLength, DropdownType, SharedTableName, StoredProcedureName, ValueField, TextField, MultilineEditFieldHeight, EachRadioButtonOnNewLine) VALUES(4410,397,1007,'5361','Score',4,'Y',NULL,'NinetyDayScore','N',NULL,250,NULL,NULL,NULL,NULL,NULL,NULL,NULL,'N') SET IDENTITY_INSERT dbo.Formitems OFF END
IF NOT EXISTS (SELECT * FROM Formitems WHERE FormItemId = 4411) BEGIN SET IDENTITY_INSERT dbo.Formitems ON INSERT INTO Formitems (FormItemId, formsectionid, FormSectionGroupId, ItemType, ItemLabel, SortOrder, active, GlobalCodeCategory, ItemColumnName, ItemRequiresComment, ItemCommentColumnName, ItemWidth, MaximumLength, DropdownType, SharedTableName, StoredProcedureName, ValueField, TextField, MultilineEditFieldHeight, EachRadioButtonOnNewLine) VALUES(4411,397,1007,'5367','Discharge Score Date',5,'Y',NULL,'DischargeScoreDate','N',NULL,50,NULL,NULL,NULL,NULL,NULL,NULL,NULL,'N') SET IDENTITY_INSERT dbo.Formitems OFF END
IF NOT EXISTS (SELECT * FROM Formitems WHERE FormItemId = 4412) BEGIN SET IDENTITY_INSERT dbo.Formitems ON INSERT INTO Formitems (FormItemId, formsectionid, FormSectionGroupId, ItemType, ItemLabel, SortOrder, active, GlobalCodeCategory, ItemColumnName, ItemRequiresComment, ItemCommentColumnName, ItemWidth, MaximumLength, DropdownType, SharedTableName, StoredProcedureName, ValueField, TextField, MultilineEditFieldHeight, EachRadioButtonOnNewLine) VALUES(4412,397,1007,'5361','Score',6,'Y',NULL,'DischargeScore','N',NULL,250,NULL,NULL,NULL,NULL,NULL,NULL,NULL,'N') SET IDENTITY_INSERT dbo.Formitems OFF END
IF NOT EXISTS (SELECT * FROM Formitems WHERE FormItemId = 4413) BEGIN SET IDENTITY_INSERT dbo.Formitems ON INSERT INTO Formitems (FormItemId, formsectionid, FormSectionGroupId, ItemType, ItemLabel, SortOrder, active, GlobalCodeCategory, ItemColumnName, ItemRequiresComment, ItemCommentColumnName, ItemWidth, MaximumLength, DropdownType, SharedTableName, StoredProcedureName, ValueField, TextField, MultilineEditFieldHeight, EachRadioButtonOnNewLine) VALUES(4413,398,1008,'5367','Date of Incarceration',1,'Y',NULL,'AIPDateOfIncarceration','N',NULL,50,NULL,NULL,NULL,NULL,NULL,NULL,NULL,'N') SET IDENTITY_INSERT dbo.Formitems OFF END
IF NOT EXISTS (SELECT * FROM Formitems WHERE FormItemId = 4414) BEGIN SET IDENTITY_INSERT dbo.Formitems ON INSERT INTO Formitems (FormItemId, formsectionid, FormSectionGroupId, ItemType, ItemLabel, SortOrder, active, GlobalCodeCategory, ItemColumnName, ItemRequiresComment, ItemCommentColumnName, ItemWidth, MaximumLength, DropdownType, SharedTableName, StoredProcedureName, ValueField, TextField, MultilineEditFieldHeight, EachRadioButtonOnNewLine) VALUES(4414,398,1008,'5367','Potential Release Date',2,'Y',NULL,'AIPPotentialReleaseDate','N',NULL,50,NULL,NULL,NULL,NULL,NULL,NULL,NULL,'N') SET IDENTITY_INSERT dbo.Formitems OFF END
IF NOT EXISTS (SELECT * FROM Formitems WHERE FormItemId = 4415) BEGIN SET IDENTITY_INSERT dbo.Formitems ON INSERT INTO Formitems (FormItemId, formsectionid, FormSectionGroupId, ItemType, ItemLabel, SortOrder, active, GlobalCodeCategory, ItemColumnName, ItemRequiresComment, ItemCommentColumnName, ItemWidth, MaximumLength, DropdownType, SharedTableName, StoredProcedureName, ValueField, TextField, MultilineEditFieldHeight, EachRadioButtonOnNewLine) VALUES(4415,398,1008,'5367','Actual Release Date',3,'Y',NULL,'AIPActualReleaseDate','N',NULL,50,NULL,NULL,NULL,NULL,NULL,NULL,NULL,'N') SET IDENTITY_INSERT dbo.Formitems OFF END
IF NOT EXISTS (SELECT * FROM Formitems WHERE FormItemId = 4416) BEGIN SET IDENTITY_INSERT dbo.Formitems ON INSERT INTO Formitems (FormItemId, formsectionid, FormSectionGroupId, ItemType, ItemLabel, SortOrder, active, GlobalCodeCategory, ItemColumnName, ItemRequiresComment, ItemCommentColumnName, ItemWidth, MaximumLength, DropdownType, SharedTableName, StoredProcedureName, ValueField, TextField, MultilineEditFieldHeight, EachRadioButtonOnNewLine) VALUES(4416,398,1008,'5367','Potential Transleave Date',4,'Y',NULL,'AIPTransLeaveDate','N',NULL,50,NULL,NULL,NULL,NULL,NULL,NULL,NULL,'N') SET IDENTITY_INSERT dbo.Formitems OFF END
IF NOT EXISTS (SELECT * FROM Formitems WHERE FormItemId = 4417) BEGIN SET IDENTITY_INSERT dbo.Formitems ON INSERT INTO Formitems (FormItemId, formsectionid, FormSectionGroupId, ItemType, ItemLabel, SortOrder, active, GlobalCodeCategory, ItemColumnName, ItemRequiresComment, ItemCommentColumnName, ItemWidth, MaximumLength, DropdownType, SharedTableName, StoredProcedureName, ValueField, TextField, MultilineEditFieldHeight, EachRadioButtonOnNewLine) VALUES(4417,398,1008,'5367','Post-Prison Supervision End Date',5,'Y',NULL,'AIPPostPrisonSupervisionEndDate','N',NULL,50,NULL,NULL,NULL,NULL,NULL,NULL,NULL,'N') SET IDENTITY_INSERT dbo.Formitems OFF END
IF NOT EXISTS (SELECT * FROM Formitems WHERE FormItemId = 4418) BEGIN SET IDENTITY_INSERT dbo.Formitems ON INSERT INTO Formitems (FormItemId, formsectionid, FormSectionGroupId, ItemType, ItemLabel, SortOrder, active, GlobalCodeCategory, ItemColumnName, ItemRequiresComment, ItemCommentColumnName, ItemWidth, MaximumLength, DropdownType, SharedTableName, StoredProcedureName, ValueField, TextField, MultilineEditFieldHeight, EachRadioButtonOnNewLine) VALUES(4418,398,1008,'5374','',6,'Y',NULL,NULL,'N',NULL,50,NULL,NULL,NULL,NULL,NULL,NULL,NULL,'N') SET IDENTITY_INSERT dbo.Formitems OFF END
IF NOT EXISTS (SELECT * FROM Formitems WHERE FormItemId = 4500) BEGIN SET IDENTITY_INSERT dbo.Formitems ON INSERT INTO Formitems (FormItemId, formsectionid, FormSectionGroupId, ItemType, ItemLabel, SortOrder, active, GlobalCodeCategory, ItemColumnName, ItemRequiresComment, ItemCommentColumnName, ItemWidth, MaximumLength, DropdownType, SharedTableName, StoredProcedureName, ValueField, TextField, MultilineEditFieldHeight, EachRadioButtonOnNewLine) VALUES(4500,1000,2000,'5374','Education Level',1,'Y',NULL,NULL,'N',NULL,NULL,NULL,NULL,NULL,NULL,NULL,NULL,NULL,NULL) SET IDENTITY_INSERT dbo.Formitems OFF END
IF NOT EXISTS (SELECT * FROM Formitems WHERE FormItemId = 4501) BEGIN SET IDENTITY_INSERT dbo.Formitems ON INSERT INTO Formitems (FormItemId, formsectionid, FormSectionGroupId, ItemType, ItemLabel, SortOrder, active, GlobalCodeCategory, ItemColumnName, ItemRequiresComment, ItemCommentColumnName, ItemWidth, MaximumLength, DropdownType, SharedTableName, StoredProcedureName, ValueField, TextField, MultilineEditFieldHeight, EachRadioButtonOnNewLine) VALUES(4501,1000,2000,'5372','',2,'Y','XEDUCATIONALLEVEL   ','EducationLevel','N',NULL,200,NULL,'G',NULL,NULL,NULL,NULL,NULL,NULL) SET IDENTITY_INSERT dbo.Formitems OFF END
IF NOT EXISTS (SELECT * FROM Formitems WHERE FormItemId = 4502) BEGIN SET IDENTITY_INSERT dbo.Formitems ON INSERT INTO Formitems (FormItemId, formsectionid, FormSectionGroupId, ItemType, ItemLabel, SortOrder, active, GlobalCodeCategory, ItemColumnName, ItemRequiresComment, ItemCommentColumnName, ItemWidth, MaximumLength, DropdownType, SharedTableName, StoredProcedureName, ValueField, TextField, MultilineEditFieldHeight, EachRadioButtonOnNewLine) VALUES(4502,1000,2000,'5374','Have you ever or are you currently serving in the military?',3,'Y',NULL,NULL,'N',NULL,NULL,NULL,NULL,NULL,NULL,NULL,NULL,NULL,NULL) SET IDENTITY_INSERT dbo.Formitems OFF END
IF NOT EXISTS (SELECT * FROM Formitems WHERE FormItemId = 4503) BEGIN SET IDENTITY_INSERT dbo.Formitems ON INSERT INTO Formitems (FormItemId, formsectionid, FormSectionGroupId, ItemType, ItemLabel, SortOrder, active, GlobalCodeCategory, ItemColumnName, ItemRequiresComment, ItemCommentColumnName, ItemWidth, MaximumLength, DropdownType, SharedTableName, StoredProcedureName, ValueField, TextField, MultilineEditFieldHeight, EachRadioButtonOnNewLine) VALUES(4503,1000,2000,'5372','',4,'Y','RADIOYN             ','MilitaryService','N',NULL,200,NULL,'G',NULL,NULL,NULL,NULL,NULL,NULL) SET IDENTITY_INSERT dbo.Formitems OFF END
IF NOT EXISTS (SELECT * FROM Formitems WHERE FormItemId = 4504) BEGIN SET IDENTITY_INSERT dbo.Formitems ON INSERT INTO Formitems (FormItemId, formsectionid, FormSectionGroupId, ItemType, ItemLabel, SortOrder, active, GlobalCodeCategory, ItemColumnName, ItemRequiresComment, ItemCommentColumnName, ItemWidth, MaximumLength, DropdownType, SharedTableName, StoredProcedureName, ValueField, TextField, MultilineEditFieldHeight, EachRadioButtonOnNewLine) VALUES(4504,1000,2000,'5374','Forensic Court Ordered Treatment',5,'Y',NULL,NULL,'N',NULL,NULL,NULL,NULL,NULL,NULL,NULL,NULL,NULL,NULL) SET IDENTITY_INSERT dbo.Formitems OFF END
IF NOT EXISTS (SELECT * FROM Formitems WHERE FormItemId = 4505) BEGIN SET IDENTITY_INSERT dbo.Formitems ON INSERT INTO Formitems (FormItemId, formsectionid, FormSectionGroupId, ItemType, ItemLabel, SortOrder, active, GlobalCodeCategory, ItemColumnName, ItemRequiresComment, ItemCommentColumnName, ItemWidth, MaximumLength, DropdownType, SharedTableName, StoredProcedureName, ValueField, TextField, MultilineEditFieldHeight, EachRadioButtonOnNewLine) VALUES(4505,1000,2000,'5372','',6,'Y','XCDFORENSICTREATMENT','ForensicTreatment','N',NULL,200,NULL,'G',NULL,NULL,NULL,NULL,NULL,NULL) SET IDENTITY_INSERT dbo.Formitems OFF END
IF NOT EXISTS (SELECT * FROM Formitems WHERE FormItemId = 4506) BEGIN SET IDENTITY_INSERT dbo.Formitems ON INSERT INTO Formitems (FormItemId, formsectionid, FormSectionGroupId, ItemType, ItemLabel, SortOrder, active, GlobalCodeCategory, ItemColumnName, ItemRequiresComment, ItemCommentColumnName, ItemWidth, MaximumLength, DropdownType, SharedTableName, StoredProcedureName, ValueField, TextField, MultilineEditFieldHeight, EachRadioButtonOnNewLine) VALUES(4506,1000,2000,'5374','Justice System Involvement',7,'Y',NULL,NULL,'N',NULL,NULL,NULL,NULL,NULL,NULL,NULL,NULL,NULL,NULL) SET IDENTITY_INSERT dbo.Formitems OFF END
IF NOT EXISTS (SELECT * FROM Formitems WHERE FormItemId = 4507) BEGIN SET IDENTITY_INSERT dbo.Formitems ON INSERT INTO Formitems (FormItemId, formsectionid, FormSectionGroupId, ItemType, ItemLabel, SortOrder, active, GlobalCodeCategory, ItemColumnName, ItemRequiresComment, ItemCommentColumnName, ItemWidth, MaximumLength, DropdownType, SharedTableName, StoredProcedureName, ValueField, TextField, MultilineEditFieldHeight, EachRadioButtonOnNewLine) VALUES(4507,1000,2000,'5372','',8,'Y','XCDJUSTICEINVOLVEMEN','JusticeSystemInvolvement','N',NULL,200,NULL,'G',NULL,NULL,NULL,NULL,NULL,NULL) SET IDENTITY_INSERT dbo.Formitems OFF END
IF NOT EXISTS (SELECT * FROM Formitems WHERE FormItemId = 4508) BEGIN SET IDENTITY_INSERT dbo.Formitems ON INSERT INTO Formitems (FormItemId, formsectionid, FormSectionGroupId, ItemType, ItemLabel, SortOrder, active, GlobalCodeCategory, ItemColumnName, ItemRequiresComment, ItemCommentColumnName, ItemWidth, MaximumLength, DropdownType, SharedTableName, StoredProcedureName, ValueField, TextField, MultilineEditFieldHeight, EachRadioButtonOnNewLine) VALUES(4508,1000,2000,'5374','Legal',9,'Y',NULL,NULL,'N',NULL,NULL,NULL,NULL,NULL,NULL,NULL,NULL,NULL,NULL) SET IDENTITY_INSERT dbo.Formitems OFF END
IF NOT EXISTS (SELECT * FROM Formitems WHERE FormItemId = 4509) BEGIN SET IDENTITY_INSERT dbo.Formitems ON INSERT INTO Formitems (FormItemId, formsectionid, FormSectionGroupId, ItemType, ItemLabel, SortOrder, active, GlobalCodeCategory, ItemColumnName, ItemRequiresComment, ItemCommentColumnName, ItemWidth, MaximumLength, DropdownType, SharedTableName, StoredProcedureName, ValueField, TextField, MultilineEditFieldHeight, EachRadioButtonOnNewLine) VALUES(4509,1000,2000,'5372','',10,'Y','XCDLEGAL            ','Legal','N',NULL,200,NULL,'G',NULL,NULL,NULL,NULL,NULL,NULL) SET IDENTITY_INSERT dbo.Formitems OFF END
IF NOT EXISTS (SELECT * FROM Formitems WHERE FormItemId = 4510) BEGIN SET IDENTITY_INSERT dbo.Formitems ON INSERT INTO Formitems (FormItemId, formsectionid, FormSectionGroupId, ItemType, ItemLabel, SortOrder, active, GlobalCodeCategory, ItemColumnName, ItemRequiresComment, ItemCommentColumnName, ItemWidth, MaximumLength, DropdownType, SharedTableName, StoredProcedureName, ValueField, TextField, MultilineEditFieldHeight, EachRadioButtonOnNewLine) VALUES(4510,1000,2000,'5374','# of Arrests Last 30 Days',11,'Y',NULL,NULL,'N',NULL,NULL,NULL,NULL,NULL,NULL,NULL,NULL,NULL,NULL) SET IDENTITY_INSERT dbo.Formitems OFF END
IF NOT EXISTS (SELECT * FROM Formitems WHERE FormItemId = 4511) BEGIN SET IDENTITY_INSERT dbo.Formitems ON INSERT INTO Formitems (FormItemId, formsectionid, FormSectionGroupId, ItemType, ItemLabel, SortOrder, active, GlobalCodeCategory, ItemColumnName, ItemRequiresComment, ItemCommentColumnName, ItemWidth, MaximumLength, DropdownType, SharedTableName, StoredProcedureName, ValueField, TextField, MultilineEditFieldHeight, EachRadioButtonOnNewLine) VALUES(4511,1000,2000,'5366','',12,'Y',NULL,'NumberOfArrestsLast30Days','N',NULL,50,5,NULL,NULL,NULL,NULL,NULL,NULL,NULL) SET IDENTITY_INSERT dbo.Formitems OFF END
IF NOT EXISTS (SELECT * FROM Formitems WHERE FormItemId = 4512) BEGIN SET IDENTITY_INSERT dbo.Formitems ON INSERT INTO Formitems (FormItemId, formsectionid, FormSectionGroupId, ItemType, ItemLabel, SortOrder, active, GlobalCodeCategory, ItemColumnName, ItemRequiresComment, ItemCommentColumnName, ItemWidth, MaximumLength, DropdownType, SharedTableName, StoredProcedureName, ValueField, TextField, MultilineEditFieldHeight, EachRadioButtonOnNewLine) VALUES(4512,1000,2000,'5374','Advance Directive',13,'Y',NULL,NULL,'N',NULL,NULL,NULL,NULL,NULL,NULL,NULL,NULL,NULL,NULL) SET IDENTITY_INSERT dbo.Formitems OFF END
IF NOT EXISTS (SELECT * FROM Formitems WHERE FormItemId = 4513) BEGIN SET IDENTITY_INSERT dbo.Formitems ON INSERT INTO Formitems (FormItemId, formsectionid, FormSectionGroupId, ItemType, ItemLabel, SortOrder, active, GlobalCodeCategory, ItemColumnName, ItemRequiresComment, ItemCommentColumnName, ItemWidth, MaximumLength, DropdownType, SharedTableName, StoredProcedureName, ValueField, TextField, MultilineEditFieldHeight, EachRadioButtonOnNewLine) VALUES(4513,1000,2000,'5372','',14,'Y','XADVANCEDIRECTIVE   ','AdvanceDirective','N',NULL,200,NULL,'G',NULL,NULL,NULL,NULL,NULL,NULL) SET IDENTITY_INSERT dbo.Formitems OFF END
IF NOT EXISTS (SELECT * FROM Formitems WHERE FormItemId = 4514) BEGIN SET IDENTITY_INSERT dbo.Formitems ON INSERT INTO Formitems (FormItemId, formsectionid, FormSectionGroupId, ItemType, ItemLabel, SortOrder, active, GlobalCodeCategory, ItemColumnName, ItemRequiresComment, ItemCommentColumnName, ItemWidth, MaximumLength, DropdownType, SharedTableName, StoredProcedureName, ValueField, TextField, MultilineEditFieldHeight, EachRadioButtonOnNewLine) VALUES(4514,1000,2000,'5374','Tobacco Use',15,'Y',NULL,NULL,'N',NULL,NULL,NULL,NULL,NULL,NULL,NULL,NULL,NULL,NULL) SET IDENTITY_INSERT dbo.Formitems OFF END
IF NOT EXISTS (SELECT * FROM Formitems WHERE FormItemId = 4515) BEGIN SET IDENTITY_INSERT dbo.Formitems ON INSERT INTO Formitems (FormItemId, formsectionid, FormSectionGroupId, ItemType, ItemLabel, SortOrder, active, GlobalCodeCategory, ItemColumnName, ItemRequiresComment, ItemCommentColumnName, ItemWidth, MaximumLength, DropdownType, SharedTableName, StoredProcedureName, ValueField, TextField, MultilineEditFieldHeight, EachRadioButtonOnNewLine) VALUES(4515,1000,2000,'5372','',16,'Y','XCDTOBACCOUSE       ','TobaccoUse','N',NULL,200,NULL,'G',NULL,NULL,NULL,NULL,NULL,NULL) SET IDENTITY_INSERT dbo.Formitems OFF END
IF NOT EXISTS (SELECT * FROM Formitems WHERE FormItemId = 4516) BEGIN SET IDENTITY_INSERT dbo.Formitems ON INSERT INTO Formitems (FormItemId, formsectionid, FormSectionGroupId, ItemType, ItemLabel, SortOrder, active, GlobalCodeCategory, ItemColumnName, ItemRequiresComment, ItemCommentColumnName, ItemWidth, MaximumLength, DropdownType, SharedTableName, StoredProcedureName, ValueField, TextField, MultilineEditFieldHeight, EachRadioButtonOnNewLine) VALUES(4516,1000,2000,'5374','Age of First Tobacco Use',17,'Y',NULL,NULL,'N',NULL,NULL,NULL,NULL,NULL,NULL,NULL,NULL,NULL,NULL) SET IDENTITY_INSERT dbo.Formitems OFF END
IF NOT EXISTS (SELECT * FROM Formitems WHERE FormItemId = 4517) BEGIN SET IDENTITY_INSERT dbo.Formitems ON INSERT INTO Formitems (FormItemId, formsectionid, FormSectionGroupId, ItemType, ItemLabel, SortOrder, active, GlobalCodeCategory, ItemColumnName, ItemRequiresComment, ItemCommentColumnName, ItemWidth, MaximumLength, DropdownType, SharedTableName, StoredProcedureName, ValueField, TextField, MultilineEditFieldHeight, EachRadioButtonOnNewLine) VALUES(4517,1000,2000,'5366','',18,'Y',NULL,'AgeOfFirstTobaccoUse','N',NULL,50,3,NULL,NULL,NULL,NULL,NULL,NULL,NULL) SET IDENTITY_INSERT dbo.Formitems OFF END
IF NOT EXISTS (SELECT * FROM Formitems WHERE FormItemId = 6368) BEGIN SET IDENTITY_INSERT dbo.Formitems ON INSERT INTO Formitems (FormItemId, formsectionid, FormSectionGroupId, ItemType, ItemLabel, SortOrder, active, GlobalCodeCategory, ItemColumnName, ItemRequiresComment, ItemCommentColumnName, ItemWidth, MaximumLength, DropdownType, SharedTableName, StoredProcedureName, ValueField, TextField, MultilineEditFieldHeight, EachRadioButtonOnNewLine) VALUES(6368,1000,2000,'5374','Title XX No.',19,'Y',NULL,NULL,'N',NULL,NULL,NULL,NULL,NULL,NULL,NULL,NULL,NULL,NULL) SET IDENTITY_INSERT dbo.Formitems OFF END
IF NOT EXISTS (SELECT * FROM Formitems WHERE FormItemId = 6369) BEGIN SET IDENTITY_INSERT dbo.Formitems ON INSERT INTO Formitems (FormItemId, formsectionid, FormSectionGroupId, ItemType, ItemLabel, SortOrder, active, GlobalCodeCategory, ItemColumnName, ItemRequiresComment, ItemCommentColumnName, ItemWidth, MaximumLength, DropdownType, SharedTableName, StoredProcedureName, ValueField, TextField, MultilineEditFieldHeight, EachRadioButtonOnNewLine) VALUES(6369,1000,2000,'5366','',20,'Y',NULL,'TitleXXNo','N',NULL,NULL,NULL,NULL,NULL,NULL,NULL,NULL,NULL,NULL) SET IDENTITY_INSERT dbo.Formitems OFF END
IF NOT EXISTS (SELECT * FROM Formitems WHERE FormItemId = 6370) BEGIN SET IDENTITY_INSERT dbo.Formitems ON INSERT INTO Formitems (FormItemId, formsectionid, FormSectionGroupId, ItemType, ItemLabel, SortOrder, active, GlobalCodeCategory, ItemColumnName, ItemRequiresComment, ItemCommentColumnName, ItemWidth, MaximumLength, DropdownType, SharedTableName, StoredProcedureName, ValueField, TextField, MultilineEditFieldHeight, EachRadioButtonOnNewLine) VALUES(6370,1000,2000,'5374','SAMHIS ID',21,'Y',NULL,NULL,'N',NULL,NULL,NULL,NULL,NULL,NULL,NULL,NULL,NULL,NULL) SET IDENTITY_INSERT dbo.Formitems OFF END
IF NOT EXISTS (SELECT * FROM Formitems WHERE FormItemId = 6371) BEGIN SET IDENTITY_INSERT dbo.Formitems ON INSERT INTO Formitems (FormItemId, formsectionid, FormSectionGroupId, ItemType, ItemLabel, SortOrder, active, GlobalCodeCategory, ItemColumnName, ItemRequiresComment, ItemCommentColumnName, ItemWidth, MaximumLength, DropdownType, SharedTableName, StoredProcedureName, ValueField, TextField, MultilineEditFieldHeight, EachRadioButtonOnNewLine) VALUES(6371,1000,2000,'5366','',22,'Y',NULL,'SamhisId','N',NULL,NULL,NULL,NULL,NULL,NULL,NULL,NULL,NULL,NULL) SET IDENTITY_INSERT dbo.Formitems OFF END