/*-------Forms Start-------*/
IF NOT EXISTS (SELECT * FROM forms WHERE formid = 41) BEGIN SET IDENTITY_INSERT dbo.forms ON INSERT INTO forms(formid, formname, TableName, TotalNumberOfColumns, Active, RetrieveStoredProcedure) values(41,'HRM-MentalStatus','CustomMentalStatuses2',1,'Y','') SET IDENTITY_INSERT dbo.forms OFF END
/*-------Forms End-------*/
/*-------FormSections Start--------*/
IF NOT EXISTS (SELECT * FROM FormSections WHERE FormSectionId = 198) BEGIN SET IDENTITY_INSERT dbo.FormSections ON INSERT INTO dbo.FormSections(FormSectionId, formid, SortOrder, PlaceOnTopOfPage, SectionLabel, Active, SectionEnableCheckBox, SectionEnableCheckBoxText, SectionEnableCheckBoxColumnName, NumberOfColumns) values(198,41,1,NULL,'<b>General Appearance</b>','Y',NULL,NULL,NULL,1) SET IDENTITY_INSERT dbo.FormSections OFF END
IF NOT EXISTS (SELECT * FROM FormSections WHERE FormSectionId = 199) BEGIN SET IDENTITY_INSERT dbo.FormSections ON INSERT INTO dbo.FormSections(FormSectionId, formid, SortOrder, PlaceOnTopOfPage, SectionLabel, Active, SectionEnableCheckBox, SectionEnableCheckBoxText, SectionEnableCheckBoxColumnName, NumberOfColumns) values(199,41,2,NULL,'<b>Intellectual Assessment</b>','Y',NULL,NULL,NULL,1) SET IDENTITY_INSERT dbo.FormSections OFF END
IF NOT EXISTS (SELECT * FROM FormSections WHERE FormSectionId = 200) BEGIN SET IDENTITY_INSERT dbo.FormSections ON INSERT INTO dbo.FormSections(FormSectionId, formid, SortOrder, PlaceOnTopOfPage, SectionLabel, Active, SectionEnableCheckBox, SectionEnableCheckBoxText, SectionEnableCheckBoxColumnName, NumberOfColumns) values(200,41,3,NULL,'<b>Communication</b>','Y',NULL,NULL,NULL,1) SET IDENTITY_INSERT dbo.FormSections OFF END
IF NOT EXISTS (SELECT * FROM FormSections WHERE FormSectionId = 201) BEGIN SET IDENTITY_INSERT dbo.FormSections ON INSERT INTO dbo.FormSections(FormSectionId, formid, SortOrder, PlaceOnTopOfPage, SectionLabel, Active, SectionEnableCheckBox, SectionEnableCheckBoxText, SectionEnableCheckBoxColumnName, NumberOfColumns) values(201,41,4,NULL,'<b>Mood</b>','Y',NULL,NULL,NULL,1) SET IDENTITY_INSERT dbo.FormSections OFF END
IF NOT EXISTS (SELECT * FROM FormSections WHERE FormSectionId = 202) BEGIN SET IDENTITY_INSERT dbo.FormSections ON INSERT INTO dbo.FormSections(FormSectionId, formid, SortOrder, PlaceOnTopOfPage, SectionLabel, Active, SectionEnableCheckBox, SectionEnableCheckBoxText, SectionEnableCheckBoxColumnName, NumberOfColumns) values(202,41,5,NULL,'<b>Affect</b>','Y',NULL,NULL,NULL,1) SET IDENTITY_INSERT dbo.FormSections OFF END
IF NOT EXISTS (SELECT * FROM FormSections WHERE FormSectionId = 203) BEGIN SET IDENTITY_INSERT dbo.FormSections ON INSERT INTO dbo.FormSections(FormSectionId, formid, SortOrder, PlaceOnTopOfPage, SectionLabel, Active, SectionEnableCheckBox, SectionEnableCheckBoxText, SectionEnableCheckBoxColumnName, NumberOfColumns) values(203,41,6,NULL,'<b>Speech</b>','Y',NULL,NULL,NULL,1) SET IDENTITY_INSERT dbo.FormSections OFF END
IF NOT EXISTS (SELECT * FROM FormSections WHERE FormSectionId = 204) BEGIN SET IDENTITY_INSERT dbo.FormSections ON INSERT INTO dbo.FormSections(FormSectionId, formid, SortOrder, PlaceOnTopOfPage, SectionLabel, Active, SectionEnableCheckBox, SectionEnableCheckBoxText, SectionEnableCheckBoxColumnName, NumberOfColumns) values(204,41,7,NULL,'<b>Thought/Content/Perceptions</b>','Y',NULL,NULL,NULL,1) SET IDENTITY_INSERT dbo.FormSections OFF END
IF NOT EXISTS (SELECT * FROM FormSections WHERE FormSectionId = 205) BEGIN SET IDENTITY_INSERT dbo.FormSections ON INSERT INTO dbo.FormSections(FormSectionId, formid, SortOrder, PlaceOnTopOfPage, SectionLabel, Active, SectionEnableCheckBox, SectionEnableCheckBoxText, SectionEnableCheckBoxColumnName, NumberOfColumns) values(205,41,8,NULL,'<b>Behavior/Motor Activity</b>','Y',NULL,NULL,NULL,1) SET IDENTITY_INSERT dbo.FormSections OFF END
IF NOT EXISTS (SELECT * FROM FormSections WHERE FormSectionId = 206) BEGIN SET IDENTITY_INSERT dbo.FormSections ON INSERT INTO dbo.FormSections(FormSectionId, formid, SortOrder, PlaceOnTopOfPage, SectionLabel, Active, SectionEnableCheckBox, SectionEnableCheckBoxText, SectionEnableCheckBoxColumnName, NumberOfColumns) values(206,41,9,NULL,'<b>Orientation</b>','Y',NULL,NULL,NULL,1) SET IDENTITY_INSERT dbo.FormSections OFF END
IF NOT EXISTS (SELECT * FROM FormSections WHERE FormSectionId = 207) BEGIN SET IDENTITY_INSERT dbo.FormSections ON INSERT INTO dbo.FormSections(FormSectionId, formid, SortOrder, PlaceOnTopOfPage, SectionLabel, Active, SectionEnableCheckBox, SectionEnableCheckBoxText, SectionEnableCheckBoxColumnName, NumberOfColumns) values(207,41,10,NULL,'<b>Insight</b>','Y',NULL,NULL,NULL,1) SET IDENTITY_INSERT dbo.FormSections OFF END
IF NOT EXISTS (SELECT * FROM FormSections WHERE FormSectionId = 208) BEGIN SET IDENTITY_INSERT dbo.FormSections ON INSERT INTO dbo.FormSections(FormSectionId, formid, SortOrder, PlaceOnTopOfPage, SectionLabel, Active, SectionEnableCheckBox, SectionEnableCheckBoxText, SectionEnableCheckBoxColumnName, NumberOfColumns) values(208,41,11,NULL,'<b>Memory</b>','Y',NULL,NULL,NULL,1) SET IDENTITY_INSERT dbo.FormSections OFF END
IF NOT EXISTS (SELECT * FROM FormSections WHERE FormSectionId = 209) BEGIN SET IDENTITY_INSERT dbo.FormSections ON INSERT INTO dbo.FormSections(FormSectionId, formid, SortOrder, PlaceOnTopOfPage, SectionLabel, Active, SectionEnableCheckBox, SectionEnableCheckBoxText, SectionEnableCheckBoxColumnName, NumberOfColumns) values(209,41,12,NULL,'<b>Reality Orientation</b>','Y',NULL,NULL,NULL,1) SET IDENTITY_INSERT dbo.FormSections OFF END

/*-------FormSections End--------*/

/*-------FormSectionGroups Start--------*/

IF NOT EXISTS (SELECT * FROM FormSectionGroups WHERE FormSectionGroupId = 350) BEGIN SET IDENTITY_INSERT dbo.FormSectionGroups ON INSERT INTO dbo.FormSectionGroups (FormSectionGroupId, formsectionid, SortOrder, GroupLabel, Active, GroupEnableCheckBox, GroupEnableCheckBoxText, GroupEnableCheckBoxColumnName,  NumberOfItemsInRow)                               VALUES(350,198,1,NULL,'Y',NULL,NULL,NULL,1) SET IDENTITY_INSERT dbo.FormSectionGroups OFF END
IF NOT EXISTS (SELECT * FROM FormSectionGroups WHERE FormSectionGroupId = 351) BEGIN SET IDENTITY_INSERT dbo.FormSectionGroups ON INSERT INTO dbo.FormSectionGroups (FormSectionGroupId, formsectionid, SortOrder, GroupLabel, Active, GroupEnableCheckBox, GroupEnableCheckBoxText, GroupEnableCheckBoxColumnName,  NumberOfItemsInRow)                               VALUES(351,198,2,NULL,'Y',NULL,NULL,NULL,4) SET IDENTITY_INSERT dbo.FormSectionGroups OFF END
IF NOT EXISTS (SELECT * FROM FormSectionGroups WHERE FormSectionGroupId = 352) BEGIN SET IDENTITY_INSERT dbo.FormSectionGroups ON INSERT INTO dbo.FormSectionGroups (FormSectionGroupId, formsectionid, SortOrder, GroupLabel, Active, GroupEnableCheckBox, GroupEnableCheckBoxText, GroupEnableCheckBoxColumnName,  NumberOfItemsInRow)                               VALUES(352,198,3,NULL,'Y',NULL,NULL,NULL,5) SET IDENTITY_INSERT dbo.FormSectionGroups OFF END
IF NOT EXISTS (SELECT * FROM FormSectionGroups WHERE FormSectionGroupId = 353) BEGIN SET IDENTITY_INSERT dbo.FormSectionGroups ON INSERT INTO dbo.FormSectionGroups (FormSectionGroupId, formsectionid, SortOrder, GroupLabel, Active, GroupEnableCheckBox, GroupEnableCheckBoxText, GroupEnableCheckBoxColumnName,  NumberOfItemsInRow)                               VALUES(353,198,4,NULL,'Y',NULL,NULL,NULL,3) SET IDENTITY_INSERT dbo.FormSectionGroups OFF END
IF NOT EXISTS (SELECT * FROM FormSectionGroups WHERE FormSectionGroupId = 354) BEGIN SET IDENTITY_INSERT dbo.FormSectionGroups ON INSERT INTO dbo.FormSectionGroups (FormSectionGroupId, formsectionid, SortOrder, GroupLabel, Active, GroupEnableCheckBox, GroupEnableCheckBoxText, GroupEnableCheckBoxColumnName,  NumberOfItemsInRow)                               VALUES(354,199,1,NULL,'Y',NULL,NULL,NULL,1) SET IDENTITY_INSERT dbo.FormSectionGroups OFF END
IF NOT EXISTS (SELECT * FROM FormSectionGroups WHERE FormSectionGroupId = 355) BEGIN SET IDENTITY_INSERT dbo.FormSectionGroups ON INSERT INTO dbo.FormSectionGroups (FormSectionGroupId, formsectionid, SortOrder, GroupLabel, Active, GroupEnableCheckBox, GroupEnableCheckBoxText, GroupEnableCheckBoxColumnName,  NumberOfItemsInRow)                               VALUES(355,199,2,NULL,'Y',NULL,NULL,NULL,4) SET IDENTITY_INSERT dbo.FormSectionGroups OFF END
IF NOT EXISTS (SELECT * FROM FormSectionGroups WHERE FormSectionGroupId = 356) BEGIN SET IDENTITY_INSERT dbo.FormSectionGroups ON INSERT INTO dbo.FormSectionGroups (FormSectionGroupId, formsectionid, SortOrder, GroupLabel, Active, GroupEnableCheckBox, GroupEnableCheckBoxText, GroupEnableCheckBoxColumnName,  NumberOfItemsInRow)                               VALUES(356,199,3,NULL,'Y',NULL,NULL,NULL,2) SET IDENTITY_INSERT dbo.FormSectionGroups OFF END
IF NOT EXISTS (SELECT * FROM FormSectionGroups WHERE FormSectionGroupId = 357) BEGIN SET IDENTITY_INSERT dbo.FormSectionGroups ON INSERT INTO dbo.FormSectionGroups (FormSectionGroupId, formsectionid, SortOrder, GroupLabel, Active, GroupEnableCheckBox, GroupEnableCheckBoxText, GroupEnableCheckBoxColumnName,  NumberOfItemsInRow)                               VALUES(357,200,1,NULL,'Y',NULL,NULL,NULL,1) SET IDENTITY_INSERT dbo.FormSectionGroups OFF END
IF NOT EXISTS (SELECT * FROM FormSectionGroups WHERE FormSectionGroupId = 358) BEGIN SET IDENTITY_INSERT dbo.FormSectionGroups ON INSERT INTO dbo.FormSectionGroups (FormSectionGroupId, formsectionid, SortOrder, GroupLabel, Active, GroupEnableCheckBox, GroupEnableCheckBoxText, GroupEnableCheckBoxColumnName,  NumberOfItemsInRow)                               VALUES(358,200,2,NULL,'Y',NULL,NULL,NULL,5) SET IDENTITY_INSERT dbo.FormSectionGroups OFF END
IF NOT EXISTS (SELECT * FROM FormSectionGroups WHERE FormSectionGroupId = 359) BEGIN SET IDENTITY_INSERT dbo.FormSectionGroups ON INSERT INTO dbo.FormSectionGroups (FormSectionGroupId, formsectionid, SortOrder, GroupLabel, Active, GroupEnableCheckBox, GroupEnableCheckBoxText, GroupEnableCheckBoxColumnName,  NumberOfItemsInRow)                               VALUES(359,200,3,NULL,'Y',NULL,NULL,NULL,3) SET IDENTITY_INSERT dbo.FormSectionGroups OFF END
IF NOT EXISTS (SELECT * FROM FormSectionGroups WHERE FormSectionGroupId = 360) BEGIN SET IDENTITY_INSERT dbo.FormSectionGroups ON INSERT INTO dbo.FormSectionGroups (FormSectionGroupId, formsectionid, SortOrder, GroupLabel, Active, GroupEnableCheckBox, GroupEnableCheckBoxText, GroupEnableCheckBoxColumnName,  NumberOfItemsInRow)                               VALUES(360,200,4,NULL,'Y',NULL,NULL,NULL,1) SET IDENTITY_INSERT dbo.FormSectionGroups OFF END
IF NOT EXISTS (SELECT * FROM FormSectionGroups WHERE FormSectionGroupId = 361) BEGIN SET IDENTITY_INSERT dbo.FormSectionGroups ON INSERT INTO dbo.FormSectionGroups (FormSectionGroupId, formsectionid, SortOrder, GroupLabel, Active, GroupEnableCheckBox, GroupEnableCheckBoxText, GroupEnableCheckBoxColumnName,  NumberOfItemsInRow)                               VALUES(361,200,5,NULL,'Y',NULL,NULL,NULL,1) SET IDENTITY_INSERT dbo.FormSectionGroups OFF END
IF NOT EXISTS (SELECT * FROM FormSectionGroups WHERE FormSectionGroupId = 362) BEGIN SET IDENTITY_INSERT dbo.FormSectionGroups ON INSERT INTO dbo.FormSectionGroups (FormSectionGroupId, formsectionid, SortOrder, GroupLabel, Active, GroupEnableCheckBox, GroupEnableCheckBoxText, GroupEnableCheckBoxColumnName,  NumberOfItemsInRow)                               VALUES(362,201,1,NULL,'Y',NULL,NULL,NULL,1) SET IDENTITY_INSERT dbo.FormSectionGroups OFF END
IF NOT EXISTS (SELECT * FROM FormSectionGroups WHERE FormSectionGroupId = 363) BEGIN SET IDENTITY_INSERT dbo.FormSectionGroups ON INSERT INTO dbo.FormSectionGroups (FormSectionGroupId, formsectionid, SortOrder, GroupLabel, Active, GroupEnableCheckBox, GroupEnableCheckBoxText, GroupEnableCheckBoxColumnName,  NumberOfItemsInRow)                               VALUES(363,201,2,NULL,'Y',NULL,NULL,NULL,7) SET IDENTITY_INSERT dbo.FormSectionGroups OFF END
IF NOT EXISTS (SELECT * FROM FormSectionGroups WHERE FormSectionGroupId = 364) BEGIN SET IDENTITY_INSERT dbo.FormSectionGroups ON INSERT INTO dbo.FormSectionGroups (FormSectionGroupId, formsectionid, SortOrder, GroupLabel, Active, GroupEnableCheckBox, GroupEnableCheckBoxText, GroupEnableCheckBoxColumnName,  NumberOfItemsInRow)                               VALUES(364,201,3,NULL,'Y',NULL,NULL,NULL,8) SET IDENTITY_INSERT dbo.FormSectionGroups OFF END
IF NOT EXISTS (SELECT * FROM FormSectionGroups WHERE FormSectionGroupId = 365) BEGIN SET IDENTITY_INSERT dbo.FormSectionGroups ON INSERT INTO dbo.FormSectionGroups (FormSectionGroupId, formsectionid, SortOrder, GroupLabel, Active, GroupEnableCheckBox, GroupEnableCheckBoxText, GroupEnableCheckBoxColumnName,  NumberOfItemsInRow)                               VALUES(365,201,4,NULL,'Y',NULL,NULL,NULL,1) SET IDENTITY_INSERT dbo.FormSectionGroups OFF END
IF NOT EXISTS (SELECT * FROM FormSectionGroups WHERE FormSectionGroupId = 366) BEGIN SET IDENTITY_INSERT dbo.FormSectionGroups ON INSERT INTO dbo.FormSectionGroups (FormSectionGroupId, formsectionid, SortOrder, GroupLabel, Active, GroupEnableCheckBox, GroupEnableCheckBoxText, GroupEnableCheckBoxColumnName,  NumberOfItemsInRow)                               VALUES(366,201,5,NULL,'Y',NULL,NULL,NULL,1) SET IDENTITY_INSERT dbo.FormSectionGroups OFF END
IF NOT EXISTS (SELECT * FROM FormSectionGroups WHERE FormSectionGroupId = 367) BEGIN SET IDENTITY_INSERT dbo.FormSectionGroups ON INSERT INTO dbo.FormSectionGroups (FormSectionGroupId, formsectionid, SortOrder, GroupLabel, Active, GroupEnableCheckBox, GroupEnableCheckBoxText, GroupEnableCheckBoxColumnName,  NumberOfItemsInRow)                               VALUES(367,201,6,NULL,'Y',NULL,NULL,NULL,1) SET IDENTITY_INSERT dbo.FormSectionGroups OFF END
IF NOT EXISTS (SELECT * FROM FormSectionGroups WHERE FormSectionGroupId = 368) BEGIN SET IDENTITY_INSERT dbo.FormSectionGroups ON INSERT INTO dbo.FormSectionGroups (FormSectionGroupId, formsectionid, SortOrder, GroupLabel, Active, GroupEnableCheckBox, GroupEnableCheckBoxText, GroupEnableCheckBoxColumnName,  NumberOfItemsInRow)                               VALUES(368,202,1,NULL,'Y',NULL,NULL,NULL,1) SET IDENTITY_INSERT dbo.FormSectionGroups OFF END
IF NOT EXISTS (SELECT * FROM FormSectionGroups WHERE FormSectionGroupId = 369) BEGIN SET IDENTITY_INSERT dbo.FormSectionGroups ON INSERT INTO dbo.FormSectionGroups (FormSectionGroupId, formsectionid, SortOrder, GroupLabel, Active, GroupEnableCheckBox, GroupEnableCheckBoxText, GroupEnableCheckBoxColumnName,  NumberOfItemsInRow)                               VALUES(369,202,2,NULL,'Y',NULL,NULL,NULL,6) SET IDENTITY_INSERT dbo.FormSectionGroups OFF END
IF NOT EXISTS (SELECT * FROM FormSectionGroups WHERE FormSectionGroupId = 370) BEGIN SET IDENTITY_INSERT dbo.FormSectionGroups ON INSERT INTO dbo.FormSectionGroups (FormSectionGroupId, formsectionid, SortOrder, GroupLabel, Active, GroupEnableCheckBox, GroupEnableCheckBoxText, GroupEnableCheckBoxColumnName,  NumberOfItemsInRow)                               VALUES(370,202,3,NULL,'Y',NULL,NULL,NULL,1) SET IDENTITY_INSERT dbo.FormSectionGroups OFF END
IF NOT EXISTS (SELECT * FROM FormSectionGroups WHERE FormSectionGroupId = 371) BEGIN SET IDENTITY_INSERT dbo.FormSectionGroups ON INSERT INTO dbo.FormSectionGroups (FormSectionGroupId, formsectionid, SortOrder, GroupLabel, Active, GroupEnableCheckBox, GroupEnableCheckBoxText, GroupEnableCheckBoxColumnName,  NumberOfItemsInRow)                               VALUES(371,203,1,NULL,'Y',NULL,NULL,NULL,1) SET IDENTITY_INSERT dbo.FormSectionGroups OFF END
IF NOT EXISTS (SELECT * FROM FormSectionGroups WHERE FormSectionGroupId = 372) BEGIN SET IDENTITY_INSERT dbo.FormSectionGroups ON INSERT INTO dbo.FormSectionGroups (FormSectionGroupId, formsectionid, SortOrder, GroupLabel, Active, GroupEnableCheckBox, GroupEnableCheckBoxText, GroupEnableCheckBoxColumnName,  NumberOfItemsInRow)                               VALUES(372,203,2,NULL,'Y',NULL,NULL,NULL,5) SET IDENTITY_INSERT dbo.FormSectionGroups OFF END
IF NOT EXISTS (SELECT * FROM FormSectionGroups WHERE FormSectionGroupId = 373) BEGIN SET IDENTITY_INSERT dbo.FormSectionGroups ON INSERT INTO dbo.FormSectionGroups (FormSectionGroupId, formsectionid, SortOrder, GroupLabel, Active, GroupEnableCheckBox, GroupEnableCheckBoxText, GroupEnableCheckBoxColumnName,  NumberOfItemsInRow)                               VALUES(373,203,3,NULL,'Y',NULL,NULL,NULL,4) SET IDENTITY_INSERT dbo.FormSectionGroups OFF END
IF NOT EXISTS (SELECT * FROM FormSectionGroups WHERE FormSectionGroupId = 374) BEGIN SET IDENTITY_INSERT dbo.FormSectionGroups ON INSERT INTO dbo.FormSectionGroups (FormSectionGroupId, formsectionid, SortOrder, GroupLabel, Active, GroupEnableCheckBox, GroupEnableCheckBoxText, GroupEnableCheckBoxColumnName,  NumberOfItemsInRow)                               VALUES(374,203,4,NULL,'Y',NULL,NULL,NULL,1) SET IDENTITY_INSERT dbo.FormSectionGroups OFF END
IF NOT EXISTS (SELECT * FROM FormSectionGroups WHERE FormSectionGroupId = 375) BEGIN SET IDENTITY_INSERT dbo.FormSectionGroups ON INSERT INTO dbo.FormSectionGroups (FormSectionGroupId, formsectionid, SortOrder, GroupLabel, Active, GroupEnableCheckBox, GroupEnableCheckBoxText, GroupEnableCheckBoxColumnName,  NumberOfItemsInRow)                               VALUES(375,204,1,NULL,'Y',NULL,NULL,NULL,1) SET IDENTITY_INSERT dbo.FormSectionGroups OFF END
IF NOT EXISTS (SELECT * FROM FormSectionGroups WHERE FormSectionGroupId = 376) BEGIN SET IDENTITY_INSERT dbo.FormSectionGroups ON INSERT INTO dbo.FormSectionGroups (FormSectionGroupId, formsectionid, SortOrder, GroupLabel, Active, GroupEnableCheckBox, GroupEnableCheckBoxText, GroupEnableCheckBoxColumnName,  NumberOfItemsInRow)                               VALUES(376,204,2,NULL,'Y',NULL,NULL,NULL,6) SET IDENTITY_INSERT dbo.FormSectionGroups OFF END
IF NOT EXISTS (SELECT * FROM FormSectionGroups WHERE FormSectionGroupId = 377) BEGIN SET IDENTITY_INSERT dbo.FormSectionGroups ON INSERT INTO dbo.FormSectionGroups (FormSectionGroupId, formsectionid, SortOrder, GroupLabel, Active, GroupEnableCheckBox, GroupEnableCheckBoxText, GroupEnableCheckBoxColumnName,  NumberOfItemsInRow)                               VALUES(377,204,3,NULL,'Y',NULL,NULL,NULL,4) SET IDENTITY_INSERT dbo.FormSectionGroups OFF END
IF NOT EXISTS (SELECT * FROM FormSectionGroups WHERE FormSectionGroupId = 378) BEGIN SET IDENTITY_INSERT dbo.FormSectionGroups ON INSERT INTO dbo.FormSectionGroups (FormSectionGroupId, formsectionid, SortOrder, GroupLabel, Active, GroupEnableCheckBox, GroupEnableCheckBoxText, GroupEnableCheckBoxColumnName,  NumberOfItemsInRow)                               VALUES(378,204,4,NULL,'Y',NULL,NULL,NULL,1) SET IDENTITY_INSERT dbo.FormSectionGroups OFF END
IF NOT EXISTS (SELECT * FROM FormSectionGroups WHERE FormSectionGroupId = 379) BEGIN SET IDENTITY_INSERT dbo.FormSectionGroups ON INSERT INTO dbo.FormSectionGroups (FormSectionGroupId, formsectionid, SortOrder, GroupLabel, Active, GroupEnableCheckBox, GroupEnableCheckBoxText, GroupEnableCheckBoxColumnName,  NumberOfItemsInRow)                               VALUES(379,205,1,NULL,'Y',NULL,NULL,NULL,1) SET IDENTITY_INSERT dbo.FormSectionGroups OFF END
IF NOT EXISTS (SELECT * FROM FormSectionGroups WHERE FormSectionGroupId = 380) BEGIN SET IDENTITY_INSERT dbo.FormSectionGroups ON INSERT INTO dbo.FormSectionGroups (FormSectionGroupId, formsectionid, SortOrder, GroupLabel, Active, GroupEnableCheckBox, GroupEnableCheckBoxText, GroupEnableCheckBoxColumnName,  NumberOfItemsInRow)                               VALUES(380,205,2,NULL,'Y',NULL,NULL,NULL,5) SET IDENTITY_INSERT dbo.FormSectionGroups OFF END
IF NOT EXISTS (SELECT * FROM FormSectionGroups WHERE FormSectionGroupId = 381) BEGIN SET IDENTITY_INSERT dbo.FormSectionGroups ON INSERT INTO dbo.FormSectionGroups (FormSectionGroupId, formsectionid, SortOrder, GroupLabel, Active, GroupEnableCheckBox, GroupEnableCheckBoxText, GroupEnableCheckBoxColumnName,  NumberOfItemsInRow)                               VALUES(381,205,3,NULL,'Y',NULL,NULL,NULL,4) SET IDENTITY_INSERT dbo.FormSectionGroups OFF END
IF NOT EXISTS (SELECT * FROM FormSectionGroups WHERE FormSectionGroupId = 382) BEGIN SET IDENTITY_INSERT dbo.FormSectionGroups ON INSERT INTO dbo.FormSectionGroups (FormSectionGroupId, formsectionid, SortOrder, GroupLabel, Active, GroupEnableCheckBox, GroupEnableCheckBoxText, GroupEnableCheckBoxColumnName,  NumberOfItemsInRow)                               VALUES(382,205,4,NULL,'Y',NULL,NULL,NULL,1) SET IDENTITY_INSERT dbo.FormSectionGroups OFF END
IF NOT EXISTS (SELECT * FROM FormSectionGroups WHERE FormSectionGroupId = 383) BEGIN SET IDENTITY_INSERT dbo.FormSectionGroups ON INSERT INTO dbo.FormSectionGroups (FormSectionGroupId, formsectionid, SortOrder, GroupLabel, Active, GroupEnableCheckBox, GroupEnableCheckBoxText, GroupEnableCheckBoxColumnName,  NumberOfItemsInRow)                               VALUES(383,206,1,NULL,'Y',NULL,NULL,NULL,1) SET IDENTITY_INSERT dbo.FormSectionGroups OFF END
IF NOT EXISTS (SELECT * FROM FormSectionGroups WHERE FormSectionGroupId = 384) BEGIN SET IDENTITY_INSERT dbo.FormSectionGroups ON INSERT INTO dbo.FormSectionGroups (FormSectionGroupId, formsectionid, SortOrder, GroupLabel, Active, GroupEnableCheckBox, GroupEnableCheckBoxText, GroupEnableCheckBoxColumnName,  NumberOfItemsInRow)                               VALUES(384,206,2,NULL,'Y',NULL,NULL,NULL,3) SET IDENTITY_INSERT dbo.FormSectionGroups OFF END
IF NOT EXISTS (SELECT * FROM FormSectionGroups WHERE FormSectionGroupId = 385) BEGIN SET IDENTITY_INSERT dbo.FormSectionGroups ON INSERT INTO dbo.FormSectionGroups (FormSectionGroupId, formsectionid, SortOrder, GroupLabel, Active, GroupEnableCheckBox, GroupEnableCheckBoxText, GroupEnableCheckBoxColumnName,  NumberOfItemsInRow)                               VALUES(385,206,3,NULL,'Y',NULL,NULL,NULL,1) SET IDENTITY_INSERT dbo.FormSectionGroups OFF END
IF NOT EXISTS (SELECT * FROM FormSectionGroups WHERE FormSectionGroupId = 386) BEGIN SET IDENTITY_INSERT dbo.FormSectionGroups ON INSERT INTO dbo.FormSectionGroups (FormSectionGroupId, formsectionid, SortOrder, GroupLabel, Active, GroupEnableCheckBox, GroupEnableCheckBoxText, GroupEnableCheckBoxColumnName,  NumberOfItemsInRow)                               VALUES(386,206,4,NULL,'Y',NULL,NULL,NULL,1) SET IDENTITY_INSERT dbo.FormSectionGroups OFF END
IF NOT EXISTS (SELECT * FROM FormSectionGroups WHERE FormSectionGroupId = 387) BEGIN SET IDENTITY_INSERT dbo.FormSectionGroups ON INSERT INTO dbo.FormSectionGroups (FormSectionGroupId, formsectionid, SortOrder, GroupLabel, Active, GroupEnableCheckBox, GroupEnableCheckBoxText, GroupEnableCheckBoxColumnName,  NumberOfItemsInRow)                               VALUES(387,207,1,NULL,'Y',NULL,NULL,NULL,1) SET IDENTITY_INSERT dbo.FormSectionGroups OFF END
IF NOT EXISTS (SELECT * FROM FormSectionGroups WHERE FormSectionGroupId = 388) BEGIN SET IDENTITY_INSERT dbo.FormSectionGroups ON INSERT INTO dbo.FormSectionGroups (FormSectionGroupId, formsectionid, SortOrder, GroupLabel, Active, GroupEnableCheckBox, GroupEnableCheckBoxText, GroupEnableCheckBoxColumnName,  NumberOfItemsInRow)                               VALUES(388,207,2,NULL,'Y',NULL,NULL,NULL,4) SET IDENTITY_INSERT dbo.FormSectionGroups OFF END
IF NOT EXISTS (SELECT * FROM FormSectionGroups WHERE FormSectionGroupId = 389) BEGIN SET IDENTITY_INSERT dbo.FormSectionGroups ON INSERT INTO dbo.FormSectionGroups (FormSectionGroupId, formsectionid, SortOrder, GroupLabel, Active, GroupEnableCheckBox, GroupEnableCheckBoxText, GroupEnableCheckBoxColumnName,  NumberOfItemsInRow)                               VALUES(389,207,3,NULL,'Y',NULL,NULL,NULL,1) SET IDENTITY_INSERT dbo.FormSectionGroups OFF END
IF NOT EXISTS (SELECT * FROM FormSectionGroups WHERE FormSectionGroupId = 390) BEGIN SET IDENTITY_INSERT dbo.FormSectionGroups ON INSERT INTO dbo.FormSectionGroups (FormSectionGroupId, formsectionid, SortOrder, GroupLabel, Active, GroupEnableCheckBox, GroupEnableCheckBoxText, GroupEnableCheckBoxColumnName,  NumberOfItemsInRow)                               VALUES(390,208,1,NULL,'Y',NULL,NULL,NULL,1) SET IDENTITY_INSERT dbo.FormSectionGroups OFF END
IF NOT EXISTS (SELECT * FROM FormSectionGroups WHERE FormSectionGroupId = 391) BEGIN SET IDENTITY_INSERT dbo.FormSectionGroups ON INSERT INTO dbo.FormSectionGroups (FormSectionGroupId, formsectionid, SortOrder, GroupLabel, Active, GroupEnableCheckBox, GroupEnableCheckBoxText, GroupEnableCheckBoxColumnName,  NumberOfItemsInRow)                               VALUES(391,208,2,NULL,'Y',NULL,NULL,NULL,3) SET IDENTITY_INSERT dbo.FormSectionGroups OFF END
IF NOT EXISTS (SELECT * FROM FormSectionGroups WHERE FormSectionGroupId = 392) BEGIN SET IDENTITY_INSERT dbo.FormSectionGroups ON INSERT INTO dbo.FormSectionGroups (FormSectionGroupId, formsectionid, SortOrder, GroupLabel, Active, GroupEnableCheckBox, GroupEnableCheckBoxText, GroupEnableCheckBoxColumnName,  NumberOfItemsInRow)                               VALUES(392,208,3,NULL,'Y',NULL,NULL,NULL,1) SET IDENTITY_INSERT dbo.FormSectionGroups OFF END
IF NOT EXISTS (SELECT * FROM FormSectionGroups WHERE FormSectionGroupId = 393) BEGIN SET IDENTITY_INSERT dbo.FormSectionGroups ON INSERT INTO dbo.FormSectionGroups (FormSectionGroupId, formsectionid, SortOrder, GroupLabel, Active, GroupEnableCheckBox, GroupEnableCheckBoxText, GroupEnableCheckBoxColumnName,  NumberOfItemsInRow)                               VALUES(393,209,1,NULL,'Y',NULL,NULL,NULL,1) SET IDENTITY_INSERT dbo.FormSectionGroups OFF END
IF NOT EXISTS (SELECT * FROM FormSectionGroups WHERE FormSectionGroupId = 394) BEGIN SET IDENTITY_INSERT dbo.FormSectionGroups ON INSERT INTO dbo.FormSectionGroups (FormSectionGroupId, formsectionid, SortOrder, GroupLabel, Active, GroupEnableCheckBox, GroupEnableCheckBoxText, GroupEnableCheckBoxColumnName,  NumberOfItemsInRow)                               VALUES(394,209,2,NULL,'Y',NULL,NULL,NULL,3) SET IDENTITY_INSERT dbo.FormSectionGroups OFF END
IF NOT EXISTS (SELECT * FROM FormSectionGroups WHERE FormSectionGroupId = 395) BEGIN SET IDENTITY_INSERT dbo.FormSectionGroups ON INSERT INTO dbo.FormSectionGroups (FormSectionGroupId, formsectionid, SortOrder, GroupLabel, Active, GroupEnableCheckBox, GroupEnableCheckBoxText, GroupEnableCheckBoxColumnName,  NumberOfItemsInRow)                               VALUES(395,209,3,NULL,'Y',NULL,NULL,NULL,1) SET IDENTITY_INSERT dbo.FormSectionGroups OFF END
IF NOT EXISTS (SELECT * FROM FormSectionGroups WHERE FormSectionGroupId = 396) BEGIN SET IDENTITY_INSERT dbo.FormSectionGroups ON INSERT INTO dbo.FormSectionGroups (FormSectionGroupId, formsectionid, SortOrder, GroupLabel, Active, GroupEnableCheckBox, GroupEnableCheckBoxText, GroupEnableCheckBoxColumnName,  NumberOfItemsInRow)                               VALUES(396,198,5,NULL,'Y',NULL,NULL,NULL,1) SET IDENTITY_INSERT dbo.FormSectionGroups OFF END
IF NOT EXISTS (SELECT * FROM FormSectionGroups WHERE FormSectionGroupId = 397) BEGIN SET IDENTITY_INSERT dbo.FormSectionGroups ON INSERT INTO dbo.FormSectionGroups (FormSectionGroupId, formsectionid, SortOrder, GroupLabel, Active, GroupEnableCheckBox, GroupEnableCheckBoxText, GroupEnableCheckBoxColumnName,  NumberOfItemsInRow)                               VALUES(397,199,4,NULL,'Y',NULL,NULL,NULL,1) SET IDENTITY_INSERT dbo.FormSectionGroups OFF END
/*-------FormSectionGroups End--------*/
/*-------FormItems Start--------*/
IF NOT EXISTS (SELECT * FROM Formitems WHERE FormItemId = 1423) BEGIN SET IDENTITY_INSERT dbo.Formitems ON INSERT INTO Formitems (FormItemId, formsectionid, FormSectionGroupId, ItemType, ItemLabel, SortOrder, active, GlobalCodeCategory, ItemColumnName, ItemRequiresComment, ItemCommentColumnName, ItemWidth, MaximumLength, DropdownType, SharedTableName, StoredProcedureName, ValueField, TextField, MultilineEditFieldHeight, EachRadioButtonOnNewLine) VALUES(1423,198,350,'5362','Add to Needs List',1,'Y',NULL,'AppearanceAddToNeedsList','N',NULL,NULL,NULL,NULL,NULL,NULL,NULL,NULL,NULL,NULL) SET IDENTITY_INSERT dbo.Formitems OFF END
IF NOT EXISTS (SELECT * FROM Formitems WHERE FormItemId = 1424) BEGIN SET IDENTITY_INSERT dbo.Formitems ON INSERT INTO Formitems (FormItemId, formsectionid, FormSectionGroupId, ItemType, ItemLabel, SortOrder, active, GlobalCodeCategory, ItemColumnName, ItemRequiresComment, ItemCommentColumnName, ItemWidth, MaximumLength, DropdownType, SharedTableName, StoredProcedureName, ValueField, TextField, MultilineEditFieldHeight, EachRadioButtonOnNewLine) VALUES(1424,198,350,'5374','',2,'Y',NULL,NULL,'N',NULL,NULL,NULL,NULL,NULL,NULL,NULL,NULL,NULL,NULL) SET IDENTITY_INSERT dbo.Formitems OFF END
IF NOT EXISTS (SELECT * FROM Formitems WHERE FormItemId = 1425) BEGIN SET IDENTITY_INSERT dbo.Formitems ON INSERT INTO Formitems (FormItemId, formsectionid, FormSectionGroupId, ItemType, ItemLabel, SortOrder, active, GlobalCodeCategory, ItemColumnName, ItemRequiresComment, ItemCommentColumnName, ItemWidth, MaximumLength, DropdownType, SharedTableName, StoredProcedureName, ValueField, TextField, MultilineEditFieldHeight, EachRadioButtonOnNewLine) VALUES(1425,198,351,'5362','neat/clean',1,'Y',NULL,'AppearanceNeatClean','N',NULL,NULL,NULL,NULL,NULL,NULL,NULL,NULL,NULL,NULL) SET IDENTITY_INSERT dbo.Formitems OFF END
IF NOT EXISTS (SELECT * FROM Formitems WHERE FormItemId = 1426) BEGIN SET IDENTITY_INSERT dbo.Formitems ON INSERT INTO Formitems (FormItemId, formsectionid, FormSectionGroupId, ItemType, ItemLabel, SortOrder, active, GlobalCodeCategory, ItemColumnName, ItemRequiresComment, ItemCommentColumnName, ItemWidth, MaximumLength, DropdownType, SharedTableName, StoredProcedureName, ValueField, TextField, MultilineEditFieldHeight, EachRadioButtonOnNewLine) VALUES(1426,198,351,'5362','poor personal hygiene/self care',2,'Y',NULL,'AppearancePoorHygiene','N',NULL,NULL,NULL,NULL,NULL,NULL,NULL,NULL,NULL,NULL) SET IDENTITY_INSERT dbo.Formitems OFF END
IF NOT EXISTS (SELECT * FROM Formitems WHERE FormItemId = 1427) BEGIN SET IDENTITY_INSERT dbo.Formitems ON INSERT INTO Formitems (FormItemId, formsectionid, FormSectionGroupId, ItemType, ItemLabel, SortOrder, active, GlobalCodeCategory, ItemColumnName, ItemRequiresComment, ItemCommentColumnName, ItemWidth, MaximumLength, DropdownType, SharedTableName, StoredProcedureName, ValueField, TextField, MultilineEditFieldHeight, EachRadioButtonOnNewLine) VALUES(1427,198,351,'5362','well-groomed',3,'Y',NULL,'AppearanceWellGroomed','N',NULL,NULL,NULL,NULL,NULL,NULL,NULL,NULL,NULL,NULL) SET IDENTITY_INSERT dbo.Formitems OFF END
IF NOT EXISTS (SELECT * FROM Formitems WHERE FormItemId = 1428) BEGIN SET IDENTITY_INSERT dbo.Formitems ON INSERT INTO Formitems (FormItemId, formsectionid, FormSectionGroupId, ItemType, ItemLabel, SortOrder, active, GlobalCodeCategory, ItemColumnName, ItemRequiresComment, ItemCommentColumnName, ItemWidth, MaximumLength, DropdownType, SharedTableName, StoredProcedureName, ValueField, TextField, MultilineEditFieldHeight, EachRadioButtonOnNewLine) VALUES(1428,198,351,'5362','appropriately dressed',4,'Y',NULL,'AppearanceAppropriatelyDressed','N',NULL,NULL,NULL,NULL,NULL,NULL,NULL,NULL,NULL,NULL) SET IDENTITY_INSERT dbo.Formitems OFF END
IF NOT EXISTS (SELECT * FROM Formitems WHERE FormItemId = 1429) BEGIN SET IDENTITY_INSERT dbo.Formitems ON INSERT INTO Formitems (FormItemId, formsectionid, FormSectionGroupId, ItemType, ItemLabel, SortOrder, active, GlobalCodeCategory, ItemColumnName, ItemRequiresComment, ItemCommentColumnName, ItemWidth, MaximumLength, DropdownType, SharedTableName, StoredProcedureName, ValueField, TextField, MultilineEditFieldHeight, EachRadioButtonOnNewLine) VALUES(1429,198,352,'5362','younger than stated age',1,'Y',NULL,'AppearanceYoungerThanStatedAge','N',NULL,NULL,NULL,NULL,NULL,NULL,NULL,NULL,NULL,NULL) SET IDENTITY_INSERT dbo.Formitems OFF END
IF NOT EXISTS (SELECT * FROM Formitems WHERE FormItemId = 1430) BEGIN SET IDENTITY_INSERT dbo.Formitems ON INSERT INTO Formitems (FormItemId, formsectionid, FormSectionGroupId, ItemType, ItemLabel, SortOrder, active, GlobalCodeCategory, ItemColumnName, ItemRequiresComment, ItemCommentColumnName, ItemWidth, MaximumLength, DropdownType, SharedTableName, StoredProcedureName, ValueField, TextField, MultilineEditFieldHeight, EachRadioButtonOnNewLine) VALUES(1430,198,352,'5362','older than stated age',2,'Y',NULL,'AppearanceOlderThanStatedAge','N',NULL,NULL,NULL,NULL,NULL,NULL,NULL,NULL,NULL,NULL) SET IDENTITY_INSERT dbo.Formitems OFF END
IF NOT EXISTS (SELECT * FROM Formitems WHERE FormItemId = 1431) BEGIN SET IDENTITY_INSERT dbo.Formitems ON INSERT INTO Formitems (FormItemId, formsectionid, FormSectionGroupId, ItemType, ItemLabel, SortOrder, active, GlobalCodeCategory, ItemColumnName, ItemRequiresComment, ItemCommentColumnName, ItemWidth, MaximumLength, DropdownType, SharedTableName, StoredProcedureName, ValueField, TextField, MultilineEditFieldHeight, EachRadioButtonOnNewLine) VALUES(1431,198,352,'5362','overweight',3,'Y',NULL,'AppearanceOverweight','N',NULL,NULL,NULL,NULL,NULL,NULL,NULL,NULL,NULL,NULL) SET IDENTITY_INSERT dbo.Formitems OFF END
IF NOT EXISTS (SELECT * FROM Formitems WHERE FormItemId = 1432) BEGIN SET IDENTITY_INSERT dbo.Formitems ON INSERT INTO Formitems (FormItemId, formsectionid, FormSectionGroupId, ItemType, ItemLabel, SortOrder, active, GlobalCodeCategory, ItemColumnName, ItemRequiresComment, ItemCommentColumnName, ItemWidth, MaximumLength, DropdownType, SharedTableName, StoredProcedureName, ValueField, TextField, MultilineEditFieldHeight, EachRadioButtonOnNewLine) VALUES(1432,198,352,'5362','underweight',4,'Y',NULL,'AppearanceUnderweight','N',NULL,NULL,NULL,NULL,NULL,NULL,NULL,NULL,NULL,NULL) SET IDENTITY_INSERT dbo.Formitems OFF END
IF NOT EXISTS (SELECT * FROM Formitems WHERE FormItemId = 1433) BEGIN SET IDENTITY_INSERT dbo.Formitems ON INSERT INTO Formitems (FormItemId, formsectionid, FormSectionGroupId, ItemType, ItemLabel, SortOrder, active, GlobalCodeCategory, ItemColumnName, ItemRequiresComment, ItemCommentColumnName, ItemWidth, MaximumLength, DropdownType, SharedTableName, StoredProcedureName, ValueField, TextField, MultilineEditFieldHeight, EachRadioButtonOnNewLine) VALUES(1433,198,352,'5362','eccentric',5,'Y',NULL,'AppearanceEccentric','N',NULL,NULL,NULL,NULL,NULL,NULL,NULL,NULL,NULL,NULL) SET IDENTITY_INSERT dbo.Formitems OFF END
IF NOT EXISTS (SELECT * FROM Formitems WHERE FormItemId = 1434) BEGIN SET IDENTITY_INSERT dbo.Formitems ON INSERT INTO Formitems (FormItemId, formsectionid, FormSectionGroupId, ItemType, ItemLabel, SortOrder, active, GlobalCodeCategory, ItemColumnName, ItemRequiresComment, ItemCommentColumnName, ItemWidth, MaximumLength, DropdownType, SharedTableName, StoredProcedureName, ValueField, TextField, MultilineEditFieldHeight, EachRadioButtonOnNewLine) VALUES(1434,198,353,'5362','seductive',1,'Y',NULL,'AppearanceSeductive','N',NULL,NULL,NULL,NULL,NULL,NULL,NULL,NULL,NULL,NULL) SET IDENTITY_INSERT dbo.Formitems OFF END
IF NOT EXISTS (SELECT * FROM Formitems WHERE FormItemId = 1435) BEGIN SET IDENTITY_INSERT dbo.Formitems ON INSERT INTO Formitems (FormItemId, formsectionid, FormSectionGroupId, ItemType, ItemLabel, SortOrder, active, GlobalCodeCategory, ItemColumnName, ItemRequiresComment, ItemCommentColumnName, ItemWidth, MaximumLength, DropdownType, SharedTableName, StoredProcedureName, ValueField, TextField, MultilineEditFieldHeight, EachRadioButtonOnNewLine) VALUES(1435,198,353,'5362','unkempt/disheveled',2,'Y',NULL,'AppearanceUnkemptDisheveled','N',NULL,NULL,NULL,NULL,NULL,NULL,NULL,NULL,NULL,NULL) SET IDENTITY_INSERT dbo.Formitems OFF END
IF NOT EXISTS (SELECT * FROM Formitems WHERE FormItemId = 1436) BEGIN SET IDENTITY_INSERT dbo.Formitems ON INSERT INTO Formitems (FormItemId, formsectionid, FormSectionGroupId, ItemType, ItemLabel, SortOrder, active, GlobalCodeCategory, ItemColumnName, ItemRequiresComment, ItemCommentColumnName, ItemWidth, MaximumLength, DropdownType, SharedTableName, StoredProcedureName, ValueField, TextField, MultilineEditFieldHeight, EachRadioButtonOnNewLine) VALUES(1436,198,353,'5362','Other / Comment',3,'Y',NULL,'AppearanceOther','N',NULL,NULL,NULL,NULL,NULL,NULL,NULL,NULL,NULL,NULL) SET IDENTITY_INSERT dbo.Formitems OFF END
IF NOT EXISTS (SELECT * FROM Formitems WHERE FormItemId = 1437) BEGIN SET IDENTITY_INSERT dbo.Formitems ON INSERT INTO Formitems (FormItemId, formsectionid, FormSectionGroupId, ItemType, ItemLabel, SortOrder, active, GlobalCodeCategory, ItemColumnName, ItemRequiresComment, ItemCommentColumnName, ItemWidth, MaximumLength, DropdownType, SharedTableName, StoredProcedureName, ValueField, TextField, MultilineEditFieldHeight, EachRadioButtonOnNewLine) VALUES(1437,199,354,'5362','Add to Needs List',1,'Y',NULL,'IntellectualAddToNeedsList','N',NULL,NULL,NULL,NULL,NULL,NULL,NULL,NULL,NULL,NULL) SET IDENTITY_INSERT dbo.Formitems OFF END
IF NOT EXISTS (SELECT * FROM Formitems WHERE FormItemId = 1438) BEGIN SET IDENTITY_INSERT dbo.Formitems ON INSERT INTO Formitems (FormItemId, formsectionid, FormSectionGroupId, ItemType, ItemLabel, SortOrder, active, GlobalCodeCategory, ItemColumnName, ItemRequiresComment, ItemCommentColumnName, ItemWidth, MaximumLength, DropdownType, SharedTableName, StoredProcedureName, ValueField, TextField, MultilineEditFieldHeight, EachRadioButtonOnNewLine) VALUES(1438,199,354,'5374','',2,'Y',NULL,NULL,'N',NULL,NULL,NULL,NULL,NULL,NULL,NULL,NULL,NULL,NULL) SET IDENTITY_INSERT dbo.Formitems OFF END
IF NOT EXISTS (SELECT * FROM Formitems WHERE FormItemId = 1439) BEGIN SET IDENTITY_INSERT dbo.Formitems ON INSERT INTO Formitems (FormItemId, formsectionid, FormSectionGroupId, ItemType, ItemLabel, SortOrder, active, GlobalCodeCategory, ItemColumnName, ItemRequiresComment, ItemCommentColumnName, ItemWidth, MaximumLength, DropdownType, SharedTableName, StoredProcedureName, ValueField, TextField, MultilineEditFieldHeight, EachRadioButtonOnNewLine) VALUES(1439,199,355,'5362','appears above average',1,'Y',NULL,'IntellectualAboveAverage','N',NULL,NULL,NULL,NULL,NULL,NULL,NULL,NULL,NULL,NULL) SET IDENTITY_INSERT dbo.Formitems OFF END
IF NOT EXISTS (SELECT * FROM Formitems WHERE FormItemId = 1440) BEGIN SET IDENTITY_INSERT dbo.Formitems ON INSERT INTO Formitems (FormItemId, formsectionid, FormSectionGroupId, ItemType, ItemLabel, SortOrder, active, GlobalCodeCategory, ItemColumnName, ItemRequiresComment, ItemCommentColumnName, ItemWidth, MaximumLength, DropdownType, SharedTableName, StoredProcedureName, ValueField, TextField, MultilineEditFieldHeight, EachRadioButtonOnNewLine) VALUES(1440,199,355,'5362','appears average',2,'Y',NULL,'IntellectualAverage','N',NULL,NULL,NULL,NULL,NULL,NULL,NULL,NULL,NULL,NULL) SET IDENTITY_INSERT dbo.Formitems OFF END
IF NOT EXISTS (SELECT * FROM Formitems WHERE FormItemId = 1441) BEGIN SET IDENTITY_INSERT dbo.Formitems ON INSERT INTO Formitems (FormItemId, formsectionid, FormSectionGroupId, ItemType, ItemLabel, SortOrder, active, GlobalCodeCategory, ItemColumnName, ItemRequiresComment, ItemCommentColumnName, ItemWidth, MaximumLength, DropdownType, SharedTableName, StoredProcedureName, ValueField, TextField, MultilineEditFieldHeight, EachRadioButtonOnNewLine) VALUES(1441,199,355,'5362','appears below average',3,'Y',NULL,'IntellectualBelowAverage','N',NULL,NULL,NULL,NULL,NULL,NULL,NULL,NULL,NULL,NULL) SET IDENTITY_INSERT dbo.Formitems OFF END
IF NOT EXISTS (SELECT * FROM Formitems WHERE FormItemId = 1442) BEGIN SET IDENTITY_INSERT dbo.Formitems ON INSERT INTO Formitems (FormItemId, formsectionid, FormSectionGroupId, ItemType, ItemLabel, SortOrder, active, GlobalCodeCategory, ItemColumnName, ItemRequiresComment, ItemCommentColumnName, ItemWidth, MaximumLength, DropdownType, SharedTableName, StoredProcedureName, ValueField, TextField, MultilineEditFieldHeight, EachRadioButtonOnNewLine) VALUES(1442,199,355,'5362','possible MR',4,'Y',NULL,'IntellectualPossibleMR','N',NULL,NULL,NULL,NULL,NULL,NULL,NULL,NULL,NULL,NULL) SET IDENTITY_INSERT dbo.Formitems OFF END
IF NOT EXISTS (SELECT * FROM Formitems WHERE FormItemId = 1443) BEGIN SET IDENTITY_INSERT dbo.Formitems ON INSERT INTO Formitems (FormItemId, formsectionid, FormSectionGroupId, ItemType, ItemLabel, SortOrder, active, GlobalCodeCategory, ItemColumnName, ItemRequiresComment, ItemCommentColumnName, ItemWidth, MaximumLength, DropdownType, SharedTableName, StoredProcedureName, ValueField, TextField, MultilineEditFieldHeight, EachRadioButtonOnNewLine) VALUES(1443,199,356,'5362','documented MR',1,'Y',NULL,'IntellectualDocumentedMR','N',NULL,NULL,NULL,NULL,NULL,NULL,NULL,NULL,NULL,NULL) SET IDENTITY_INSERT dbo.Formitems OFF END
IF NOT EXISTS (SELECT * FROM Formitems WHERE FormItemId = 1444) BEGIN SET IDENTITY_INSERT dbo.Formitems ON INSERT INTO Formitems (FormItemId, formsectionid, FormSectionGroupId, ItemType, ItemLabel, SortOrder, active, GlobalCodeCategory, ItemColumnName, ItemRequiresComment, ItemCommentColumnName, ItemWidth, MaximumLength, DropdownType, SharedTableName, StoredProcedureName, ValueField, TextField, MultilineEditFieldHeight, EachRadioButtonOnNewLine) VALUES(1444,199,356,'5362','Other / Comment',2,'Y',NULL,'IntellectualOther','N',NULL,NULL,NULL,NULL,NULL,NULL,NULL,NULL,NULL,NULL) SET IDENTITY_INSERT dbo.Formitems OFF END
IF NOT EXISTS (SELECT * FROM Formitems WHERE FormItemId = 1445) BEGIN SET IDENTITY_INSERT dbo.Formitems ON INSERT INTO Formitems (FormItemId, formsectionid, FormSectionGroupId, ItemType, ItemLabel, SortOrder, active, GlobalCodeCategory, ItemColumnName, ItemRequiresComment, ItemCommentColumnName, ItemWidth, MaximumLength, DropdownType, SharedTableName, StoredProcedureName, ValueField, TextField, MultilineEditFieldHeight, EachRadioButtonOnNewLine) VALUES(1445,200,357,'5362','Add to Needs List',1,'Y',NULL,'CommunicationAddToNeedsList','N',NULL,NULL,NULL,NULL,NULL,NULL,NULL,NULL,NULL,NULL) SET IDENTITY_INSERT dbo.Formitems OFF END
IF NOT EXISTS (SELECT * FROM Formitems WHERE FormItemId = 1446) BEGIN SET IDENTITY_INSERT dbo.Formitems ON INSERT INTO Formitems (FormItemId, formsectionid, FormSectionGroupId, ItemType, ItemLabel, SortOrder, active, GlobalCodeCategory, ItemColumnName, ItemRequiresComment, ItemCommentColumnName, ItemWidth, MaximumLength, DropdownType, SharedTableName, StoredProcedureName, ValueField, TextField, MultilineEditFieldHeight, EachRadioButtonOnNewLine) VALUES(1446,200,357,'5374','',2,'Y',NULL,NULL,'N',NULL,NULL,NULL,NULL,NULL,NULL,NULL,NULL,NULL,NULL) SET IDENTITY_INSERT dbo.Formitems OFF END
IF NOT EXISTS (SELECT * FROM Formitems WHERE FormItemId = 1447) BEGIN SET IDENTITY_INSERT dbo.Formitems ON INSERT INTO Formitems (FormItemId, formsectionid, FormSectionGroupId, ItemType, ItemLabel, SortOrder, active, GlobalCodeCategory, ItemColumnName, ItemRequiresComment, ItemCommentColumnName, ItemWidth, MaximumLength, DropdownType, SharedTableName, StoredProcedureName, ValueField, TextField, MultilineEditFieldHeight, EachRadioButtonOnNewLine) VALUES(1447,200,358,'5362','normal',1,'Y',NULL,'CommunicationNormal','N',NULL,NULL,NULL,NULL,NULL,NULL,NULL,NULL,NULL,NULL) SET IDENTITY_INSERT dbo.Formitems OFF END
IF NOT EXISTS (SELECT * FROM Formitems WHERE FormItemId = 1448) BEGIN SET IDENTITY_INSERT dbo.Formitems ON INSERT INTO Formitems (FormItemId, formsectionid, FormSectionGroupId, ItemType, ItemLabel, SortOrder, active, GlobalCodeCategory, ItemColumnName, ItemRequiresComment, ItemCommentColumnName, ItemWidth, MaximumLength, DropdownType, SharedTableName, StoredProcedureName, ValueField, TextField, MultilineEditFieldHeight, EachRadioButtonOnNewLine) VALUES(1448,200,358,'5362','uses sign language',2,'Y',NULL,'CommunicationUsesSignLanguage','N',NULL,NULL,NULL,NULL,NULL,NULL,NULL,NULL,NULL,NULL) SET IDENTITY_INSERT dbo.Formitems OFF END
IF NOT EXISTS (SELECT * FROM Formitems WHERE FormItemId = 1449) BEGIN SET IDENTITY_INSERT dbo.Formitems ON INSERT INTO Formitems (FormItemId, formsectionid, FormSectionGroupId, ItemType, ItemLabel, SortOrder, active, GlobalCodeCategory, ItemColumnName, ItemRequiresComment, ItemCommentColumnName, ItemWidth, MaximumLength, DropdownType, SharedTableName, StoredProcedureName, ValueField, TextField, MultilineEditFieldHeight, EachRadioButtonOnNewLine) VALUES(1449,200,358,'5362','unable to read',3,'Y',NULL,'CommunicationUnableToRead','N',NULL,NULL,NULL,NULL,NULL,NULL,NULL,NULL,NULL,NULL) SET IDENTITY_INSERT dbo.Formitems OFF END
IF NOT EXISTS (SELECT * FROM Formitems WHERE FormItemId = 1450) BEGIN SET IDENTITY_INSERT dbo.Formitems ON INSERT INTO Formitems (FormItemId, formsectionid, FormSectionGroupId, ItemType, ItemLabel, SortOrder, active, GlobalCodeCategory, ItemColumnName, ItemRequiresComment, ItemCommentColumnName, ItemWidth, MaximumLength, DropdownType, SharedTableName, StoredProcedureName, ValueField, TextField, MultilineEditFieldHeight, EachRadioButtonOnNewLine) VALUES(1450,200,358,'5362','need for Braille',4,'Y',NULL,'CommunicationNeedForBraille','N',NULL,NULL,NULL,NULL,NULL,NULL,NULL,NULL,NULL,NULL) SET IDENTITY_INSERT dbo.Formitems OFF END
IF NOT EXISTS (SELECT * FROM Formitems WHERE FormItemId = 1451) BEGIN SET IDENTITY_INSERT dbo.Formitems ON INSERT INTO Formitems (FormItemId, formsectionid, FormSectionGroupId, ItemType, ItemLabel, SortOrder, active, GlobalCodeCategory, ItemColumnName, ItemRequiresComment, ItemCommentColumnName, ItemWidth, MaximumLength, DropdownType, SharedTableName, StoredProcedureName, ValueField, TextField, MultilineEditFieldHeight, EachRadioButtonOnNewLine) VALUES(1451,200,358,'5362','hearing impaired',5,'Y',NULL,'CommunicationHearingImpaired','N',NULL,NULL,NULL,NULL,NULL,NULL,NULL,NULL,NULL,NULL) SET IDENTITY_INSERT dbo.Formitems OFF END
IF NOT EXISTS (SELECT * FROM Formitems WHERE FormItemId = 1452) BEGIN SET IDENTITY_INSERT dbo.Formitems ON INSERT INTO Formitems (FormItemId, formsectionid, FormSectionGroupId, ItemType, ItemLabel, SortOrder, active, GlobalCodeCategory, ItemColumnName, ItemRequiresComment, ItemCommentColumnName, ItemWidth, MaximumLength, DropdownType, SharedTableName, StoredProcedureName, ValueField, TextField, MultilineEditFieldHeight, EachRadioButtonOnNewLine) VALUES(1452,200,359,'5362','does lip reading',1,'Y',NULL,'CommunicationDoesLipReading','N',NULL,NULL,NULL,NULL,NULL,NULL,NULL,NULL,NULL,NULL) SET IDENTITY_INSERT dbo.Formitems OFF END
IF NOT EXISTS (SELECT * FROM Formitems WHERE FormItemId = 1453) BEGIN SET IDENTITY_INSERT dbo.Formitems ON INSERT INTO Formitems (FormItemId, formsectionid, FormSectionGroupId, ItemType, ItemLabel, SortOrder, active, GlobalCodeCategory, ItemColumnName, ItemRequiresComment, ItemCommentColumnName, ItemWidth, MaximumLength, DropdownType, SharedTableName, StoredProcedureName, ValueField, TextField, MultilineEditFieldHeight, EachRadioButtonOnNewLine) VALUES(1453,200,359,'5362','English is second language',2,'Y',NULL,'CommunicationEnglishIsSecondLanguage','N',NULL,NULL,NULL,NULL,NULL,NULL,NULL,NULL,NULL,NULL) SET IDENTITY_INSERT dbo.Formitems OFF END
IF NOT EXISTS (SELECT * FROM Formitems WHERE FormItemId = 1454) BEGIN SET IDENTITY_INSERT dbo.Formitems ON INSERT INTO Formitems (FormItemId, formsectionid, FormSectionGroupId, ItemType, ItemLabel, SortOrder, active, GlobalCodeCategory, ItemColumnName, ItemRequiresComment, ItemCommentColumnName, ItemWidth, MaximumLength, DropdownType, SharedTableName, StoredProcedureName, ValueField, TextField, MultilineEditFieldHeight, EachRadioButtonOnNewLine) VALUES(1454,200,359,'5362','translator (sign or spoken language) needed',3,'Y',NULL,'CommunicationTranslatorNeeded','N',NULL,NULL,NULL,NULL,NULL,NULL,NULL,NULL,NULL,NULL) SET IDENTITY_INSERT dbo.Formitems OFF END
IF NOT EXISTS (SELECT * FROM Formitems WHERE FormItemId = 1455) BEGIN SET IDENTITY_INSERT dbo.Formitems ON INSERT INTO Formitems (FormItemId, formsectionid, FormSectionGroupId, ItemType, ItemLabel, SortOrder, active, GlobalCodeCategory, ItemColumnName, ItemRequiresComment, ItemCommentColumnName, ItemWidth, MaximumLength, DropdownType, SharedTableName, StoredProcedureName, ValueField, TextField, MultilineEditFieldHeight, EachRadioButtonOnNewLine) VALUES(1455,200,360,'5362','Other / Comment',1,'Y',NULL,'CommunicationOther','N',NULL,NULL,NULL,NULL,NULL,NULL,NULL,NULL,NULL,NULL) SET IDENTITY_INSERT dbo.Formitems OFF END
IF NOT EXISTS (SELECT * FROM Formitems WHERE FormItemId = 1456) BEGIN SET IDENTITY_INSERT dbo.Formitems ON INSERT INTO Formitems (FormItemId, formsectionid, FormSectionGroupId, ItemType, ItemLabel, SortOrder, active, GlobalCodeCategory, ItemColumnName, ItemRequiresComment, ItemCommentColumnName, ItemWidth, MaximumLength, DropdownType, SharedTableName, StoredProcedureName, ValueField, TextField, MultilineEditFieldHeight, EachRadioButtonOnNewLine) VALUES(1456,200,360,'5363','',2,'Y',NULL,'CommunicationComment','N',NULL,640,NULL,NULL,NULL,NULL,NULL,NULL,NULL,NULL) SET IDENTITY_INSERT dbo.Formitems OFF END
IF NOT EXISTS (SELECT * FROM Formitems WHERE FormItemId = 1457) BEGIN SET IDENTITY_INSERT dbo.Formitems ON INSERT INTO Formitems (FormItemId, formsectionid, FormSectionGroupId, ItemType, ItemLabel, SortOrder, active, GlobalCodeCategory, ItemColumnName, ItemRequiresComment, ItemCommentColumnName, ItemWidth, MaximumLength, DropdownType, SharedTableName, StoredProcedureName, ValueField, TextField, MultilineEditFieldHeight, EachRadioButtonOnNewLine) VALUES(1457,201,362,'5362','Add to Needs List',1,'Y',NULL,'MoodAddToNeedsList','N',NULL,NULL,NULL,NULL,NULL,NULL,NULL,NULL,NULL,NULL) SET IDENTITY_INSERT dbo.Formitems OFF END
IF NOT EXISTS (SELECT * FROM Formitems WHERE FormItemId = 1458) BEGIN SET IDENTITY_INSERT dbo.Formitems ON INSERT INTO Formitems (FormItemId, formsectionid, FormSectionGroupId, ItemType, ItemLabel, SortOrder, active, GlobalCodeCategory, ItemColumnName, ItemRequiresComment, ItemCommentColumnName, ItemWidth, MaximumLength, DropdownType, SharedTableName, StoredProcedureName, ValueField, TextField, MultilineEditFieldHeight, EachRadioButtonOnNewLine) VALUES(1458,201,362,'5374','',2,'Y',NULL,NULL,'N',NULL,NULL,NULL,NULL,NULL,NULL,NULL,NULL,NULL,NULL) SET IDENTITY_INSERT dbo.Formitems OFF END
IF NOT EXISTS (SELECT * FROM Formitems WHERE FormItemId = 1459) BEGIN SET IDENTITY_INSERT dbo.Formitems ON INSERT INTO Formitems (FormItemId, formsectionid, FormSectionGroupId, ItemType, ItemLabel, SortOrder, active, GlobalCodeCategory, ItemColumnName, ItemRequiresComment, ItemCommentColumnName, ItemWidth, MaximumLength, DropdownType, SharedTableName, StoredProcedureName, ValueField, TextField, MultilineEditFieldHeight, EachRadioButtonOnNewLine) VALUES(1459,201,363,'5362','unremarkable',1,'Y',NULL,'MoodUnremarkable','N',NULL,NULL,NULL,NULL,NULL,NULL,NULL,NULL,NULL,NULL) SET IDENTITY_INSERT dbo.Formitems OFF END
IF NOT EXISTS (SELECT * FROM Formitems WHERE FormItemId = 1460) BEGIN SET IDENTITY_INSERT dbo.Formitems ON INSERT INTO Formitems (FormItemId, formsectionid, FormSectionGroupId, ItemType, ItemLabel, SortOrder, active, GlobalCodeCategory, ItemColumnName, ItemRequiresComment, ItemCommentColumnName, ItemWidth, MaximumLength, DropdownType, SharedTableName, StoredProcedureName, ValueField, TextField, MultilineEditFieldHeight, EachRadioButtonOnNewLine) VALUES(1460,201,363,'5362','cooperative',2,'Y',NULL,'MoodCooperative','N',NULL,NULL,NULL,NULL,NULL,NULL,NULL,NULL,NULL,NULL) SET IDENTITY_INSERT dbo.Formitems OFF END
IF NOT EXISTS (SELECT * FROM Formitems WHERE FormItemId = 1461) BEGIN SET IDENTITY_INSERT dbo.Formitems ON INSERT INTO Formitems (FormItemId, formsectionid, FormSectionGroupId, ItemType, ItemLabel, SortOrder, active, GlobalCodeCategory, ItemColumnName, ItemRequiresComment, ItemCommentColumnName, ItemWidth, MaximumLength, DropdownType, SharedTableName, StoredProcedureName, ValueField, TextField, MultilineEditFieldHeight, EachRadioButtonOnNewLine) VALUES(1461,201,363,'5362','anxious',3,'Y',NULL,'MoodAnxious','N',NULL,NULL,NULL,NULL,NULL,NULL,NULL,NULL,NULL,NULL) SET IDENTITY_INSERT dbo.Formitems OFF END
IF NOT EXISTS (SELECT * FROM Formitems WHERE FormItemId = 1462) BEGIN SET IDENTITY_INSERT dbo.Formitems ON INSERT INTO Formitems (FormItemId, formsectionid, FormSectionGroupId, ItemType, ItemLabel, SortOrder, active, GlobalCodeCategory, ItemColumnName, ItemRequiresComment, ItemCommentColumnName, ItemWidth, MaximumLength, DropdownType, SharedTableName, StoredProcedureName, ValueField, TextField, MultilineEditFieldHeight, EachRadioButtonOnNewLine) VALUES(1462,201,363,'5362','tearful',4,'Y',NULL,'MoodTearful','N',NULL,NULL,NULL,NULL,NULL,NULL,NULL,NULL,NULL,NULL) SET IDENTITY_INSERT dbo.Formitems OFF END
IF NOT EXISTS (SELECT * FROM Formitems WHERE FormItemId = 1463) BEGIN SET IDENTITY_INSERT dbo.Formitems ON INSERT INTO Formitems (FormItemId, formsectionid, FormSectionGroupId, ItemType, ItemLabel, SortOrder, active, GlobalCodeCategory, ItemColumnName, ItemRequiresComment, ItemCommentColumnName, ItemWidth, MaximumLength, DropdownType, SharedTableName, StoredProcedureName, ValueField, TextField, MultilineEditFieldHeight, EachRadioButtonOnNewLine) VALUES(1463,201,363,'5362','calm',5,'Y',NULL,'MoodCalm','N',NULL,NULL,NULL,NULL,NULL,NULL,NULL,NULL,NULL,NULL) SET IDENTITY_INSERT dbo.Formitems OFF END
IF NOT EXISTS (SELECT * FROM Formitems WHERE FormItemId = 1464) BEGIN SET IDENTITY_INSERT dbo.Formitems ON INSERT INTO Formitems (FormItemId, formsectionid, FormSectionGroupId, ItemType, ItemLabel, SortOrder, active, GlobalCodeCategory, ItemColumnName, ItemRequiresComment, ItemCommentColumnName, ItemWidth, MaximumLength, DropdownType, SharedTableName, StoredProcedureName, ValueField, TextField, MultilineEditFieldHeight, EachRadioButtonOnNewLine) VALUES(1464,201,363,'5362','labile',6,'Y',NULL,'MoodLabile','N',NULL,NULL,NULL,NULL,NULL,NULL,NULL,NULL,NULL,NULL) SET IDENTITY_INSERT dbo.Formitems OFF END
IF NOT EXISTS (SELECT * FROM Formitems WHERE FormItemId = 1465) BEGIN SET IDENTITY_INSERT dbo.Formitems ON INSERT INTO Formitems (FormItemId, formsectionid, FormSectionGroupId, ItemType, ItemLabel, SortOrder, active, GlobalCodeCategory, ItemColumnName, ItemRequiresComment, ItemCommentColumnName, ItemWidth, MaximumLength, DropdownType, SharedTableName, StoredProcedureName, ValueField, TextField, MultilineEditFieldHeight, EachRadioButtonOnNewLine) VALUES(1465,201,363,'5362','pessimistic',7,'Y',NULL,'MoodPessimistic','N',NULL,NULL,NULL,NULL,NULL,NULL,NULL,NULL,NULL,NULL) SET IDENTITY_INSERT dbo.Formitems OFF END
IF NOT EXISTS (SELECT * FROM Formitems WHERE FormItemId = 1466) BEGIN SET IDENTITY_INSERT dbo.Formitems ON INSERT INTO Formitems (FormItemId, formsectionid, FormSectionGroupId, ItemType, ItemLabel, SortOrder, active, GlobalCodeCategory, ItemColumnName, ItemRequiresComment, ItemCommentColumnName, ItemWidth, MaximumLength, DropdownType, SharedTableName, StoredProcedureName, ValueField, TextField, MultilineEditFieldHeight, EachRadioButtonOnNewLine) VALUES(1466,201,364,'5362','cheerful',1,'Y',NULL,'MoodCheerful','N',NULL,NULL,NULL,NULL,NULL,NULL,NULL,NULL,NULL,NULL) SET IDENTITY_INSERT dbo.Formitems OFF END
IF NOT EXISTS (SELECT * FROM Formitems WHERE FormItemId = 1467) BEGIN SET IDENTITY_INSERT dbo.Formitems ON INSERT INTO Formitems (FormItemId, formsectionid, FormSectionGroupId, ItemType, ItemLabel, SortOrder, active, GlobalCodeCategory, ItemColumnName, ItemRequiresComment, ItemCommentColumnName, ItemWidth, MaximumLength, DropdownType, SharedTableName, StoredProcedureName, ValueField, TextField, MultilineEditFieldHeight, EachRadioButtonOnNewLine) VALUES(1467,201,364,'5362','guilty',2,'Y',NULL,'MoodGuilty','N',NULL,NULL,NULL,NULL,NULL,NULL,NULL,NULL,NULL,NULL) SET IDENTITY_INSERT dbo.Formitems OFF END
IF NOT EXISTS (SELECT * FROM Formitems WHERE FormItemId = 1468) BEGIN SET IDENTITY_INSERT dbo.Formitems ON INSERT INTO Formitems (FormItemId, formsectionid, FormSectionGroupId, ItemType, ItemLabel, SortOrder, active, GlobalCodeCategory, ItemColumnName, ItemRequiresComment, ItemCommentColumnName, ItemWidth, MaximumLength, DropdownType, SharedTableName, StoredProcedureName, ValueField, TextField, MultilineEditFieldHeight, EachRadioButtonOnNewLine) VALUES(1468,201,364,'5362','euphoric',3,'Y',NULL,'MoodEuphoric','N',NULL,NULL,NULL,NULL,NULL,NULL,NULL,NULL,NULL,NULL) SET IDENTITY_INSERT dbo.Formitems OFF END
IF NOT EXISTS (SELECT * FROM Formitems WHERE FormItemId = 1469) BEGIN SET IDENTITY_INSERT dbo.Formitems ON INSERT INTO Formitems (FormItemId, formsectionid, FormSectionGroupId, ItemType, ItemLabel, SortOrder, active, GlobalCodeCategory, ItemColumnName, ItemRequiresComment, ItemCommentColumnName, ItemWidth, MaximumLength, DropdownType, SharedTableName, StoredProcedureName, ValueField, TextField, MultilineEditFieldHeight, EachRadioButtonOnNewLine) VALUES(1469,201,364,'5362','depressed',4,'Y',NULL,'MoodDepressed','N',NULL,NULL,NULL,NULL,NULL,NULL,NULL,NULL,NULL,NULL) SET IDENTITY_INSERT dbo.Formitems OFF END
IF NOT EXISTS (SELECT * FROM Formitems WHERE FormItemId = 1470) BEGIN SET IDENTITY_INSERT dbo.Formitems ON INSERT INTO Formitems (FormItemId, formsectionid, FormSectionGroupId, ItemType, ItemLabel, SortOrder, active, GlobalCodeCategory, ItemColumnName, ItemRequiresComment, ItemCommentColumnName, ItemWidth, MaximumLength, DropdownType, SharedTableName, StoredProcedureName, ValueField, TextField, MultilineEditFieldHeight, EachRadioButtonOnNewLine) VALUES(1470,201,364,'5362','hostile',5,'Y',NULL,'MoodHostile','N',NULL,NULL,NULL,NULL,NULL,NULL,NULL,NULL,NULL,NULL) SET IDENTITY_INSERT dbo.Formitems OFF END
IF NOT EXISTS (SELECT * FROM Formitems WHERE FormItemId = 1471) BEGIN SET IDENTITY_INSERT dbo.Formitems ON INSERT INTO Formitems (FormItemId, formsectionid, FormSectionGroupId, ItemType, ItemLabel, SortOrder, active, GlobalCodeCategory, ItemColumnName, ItemRequiresComment, ItemCommentColumnName, ItemWidth, MaximumLength, DropdownType, SharedTableName, StoredProcedureName, ValueField, TextField, MultilineEditFieldHeight, EachRadioButtonOnNewLine) VALUES(1471,201,364,'5362','irritable',6,'Y',NULL,'MoodIrritable','N',NULL,NULL,NULL,NULL,NULL,NULL,NULL,NULL,NULL,NULL) SET IDENTITY_INSERT dbo.Formitems OFF END
IF NOT EXISTS (SELECT * FROM Formitems WHERE FormItemId = 1472) BEGIN SET IDENTITY_INSERT dbo.Formitems ON INSERT INTO Formitems (FormItemId, formsectionid, FormSectionGroupId, ItemType, ItemLabel, SortOrder, active, GlobalCodeCategory, ItemColumnName, ItemRequiresComment, ItemCommentColumnName, ItemWidth, MaximumLength, DropdownType, SharedTableName, StoredProcedureName, ValueField, TextField, MultilineEditFieldHeight, EachRadioButtonOnNewLine) VALUES(1472,201,364,'5362','dramatized',7,'Y',NULL,'MoodDramatized','N',NULL,NULL,NULL,NULL,NULL,NULL,NULL,NULL,NULL,NULL) SET IDENTITY_INSERT dbo.Formitems OFF END
IF NOT EXISTS (SELECT * FROM Formitems WHERE FormItemId = 1473) BEGIN SET IDENTITY_INSERT dbo.Formitems ON INSERT INTO Formitems (FormItemId, formsectionid, FormSectionGroupId, ItemType, ItemLabel, SortOrder, active, GlobalCodeCategory, ItemColumnName, ItemRequiresComment, ItemCommentColumnName, ItemWidth, MaximumLength, DropdownType, SharedTableName, StoredProcedureName, ValueField, TextField, MultilineEditFieldHeight, EachRadioButtonOnNewLine) VALUES(1473,201,364,'5362','fearful',8,'Y',NULL,'MoodFearful','N',NULL,NULL,NULL,NULL,NULL,NULL,NULL,NULL,NULL,NULL) SET IDENTITY_INSERT dbo.Formitems OFF END
IF NOT EXISTS (SELECT * FROM Formitems WHERE FormItemId = 1474) BEGIN SET IDENTITY_INSERT dbo.Formitems ON INSERT INTO Formitems (FormItemId, formsectionid, FormSectionGroupId, ItemType, ItemLabel, SortOrder, active, GlobalCodeCategory, ItemColumnName, ItemRequiresComment, ItemCommentColumnName, ItemWidth, MaximumLength, DropdownType, SharedTableName, StoredProcedureName, ValueField, TextField, MultilineEditFieldHeight, EachRadioButtonOnNewLine) VALUES(1474,201,365,'5362','suspicious',1,'Y',NULL,'MoodSupicious','N',NULL,NULL,NULL,NULL,NULL,NULL,NULL,NULL,NULL,NULL) SET IDENTITY_INSERT dbo.Formitems OFF END
IF NOT EXISTS (SELECT * FROM Formitems WHERE FormItemId = 1475) BEGIN SET IDENTITY_INSERT dbo.Formitems ON INSERT INTO Formitems (FormItemId, formsectionid, FormSectionGroupId, ItemType, ItemLabel, SortOrder, active, GlobalCodeCategory, ItemColumnName, ItemRequiresComment, ItemCommentColumnName, ItemWidth, MaximumLength, DropdownType, SharedTableName, StoredProcedureName, ValueField, TextField, MultilineEditFieldHeight, EachRadioButtonOnNewLine) VALUES(1475,201,366,'5362','Other/Comment',1,'Y',NULL,'MoodOther','N',NULL,NULL,NULL,NULL,NULL,NULL,NULL,NULL,NULL,NULL) SET IDENTITY_INSERT dbo.Formitems OFF END
IF NOT EXISTS (SELECT * FROM Formitems WHERE FormItemId = 1476) BEGIN SET IDENTITY_INSERT dbo.Formitems ON INSERT INTO Formitems (FormItemId, formsectionid, FormSectionGroupId, ItemType, ItemLabel, SortOrder, active, GlobalCodeCategory, ItemColumnName, ItemRequiresComment, ItemCommentColumnName, ItemWidth, MaximumLength, DropdownType, SharedTableName, StoredProcedureName, ValueField, TextField, MultilineEditFieldHeight, EachRadioButtonOnNewLine) VALUES(1476,201,366,'5363','',2,'Y',NULL,'MoodComment','N',NULL,640,NULL,NULL,NULL,NULL,NULL,NULL,NULL,NULL) SET IDENTITY_INSERT dbo.Formitems OFF END
IF NOT EXISTS (SELECT * FROM Formitems WHERE FormItemId = 1477) BEGIN SET IDENTITY_INSERT dbo.Formitems ON INSERT INTO Formitems (FormItemId, formsectionid, FormSectionGroupId, ItemType, ItemLabel, SortOrder, active, GlobalCodeCategory, ItemColumnName, ItemRequiresComment, ItemCommentColumnName, ItemWidth, MaximumLength, DropdownType, SharedTableName, StoredProcedureName, ValueField, TextField, MultilineEditFieldHeight, EachRadioButtonOnNewLine) VALUES(1477,202,368,'5362','Add to Needs List',1,'Y',NULL,'AffectAddToNeedsList','N',NULL,NULL,NULL,NULL,NULL,NULL,NULL,NULL,NULL,NULL) SET IDENTITY_INSERT dbo.Formitems OFF END
IF NOT EXISTS (SELECT * FROM Formitems WHERE FormItemId = 1478) BEGIN SET IDENTITY_INSERT dbo.Formitems ON INSERT INTO Formitems (FormItemId, formsectionid, FormSectionGroupId, ItemType, ItemLabel, SortOrder, active, GlobalCodeCategory, ItemColumnName, ItemRequiresComment, ItemCommentColumnName, ItemWidth, MaximumLength, DropdownType, SharedTableName, StoredProcedureName, ValueField, TextField, MultilineEditFieldHeight, EachRadioButtonOnNewLine) VALUES(1478,202,368,'5374','',2,'Y',NULL,NULL,'N',NULL,NULL,NULL,NULL,NULL,NULL,NULL,NULL,NULL,NULL) SET IDENTITY_INSERT dbo.Formitems OFF END
IF NOT EXISTS (SELECT * FROM Formitems WHERE FormItemId = 1479) BEGIN SET IDENTITY_INSERT dbo.Formitems ON INSERT INTO Formitems (FormItemId, formsectionid, FormSectionGroupId, ItemType, ItemLabel, SortOrder, active, GlobalCodeCategory, ItemColumnName, ItemRequiresComment, ItemCommentColumnName, ItemWidth, MaximumLength, DropdownType, SharedTableName, StoredProcedureName, ValueField, TextField, MultilineEditFieldHeight, EachRadioButtonOnNewLine) VALUES(1479,202,369,'5362','primarily appropriate',1,'Y',NULL,'AffectPrimarilyAppropriate','N',NULL,NULL,NULL,NULL,NULL,NULL,NULL,NULL,NULL,NULL) SET IDENTITY_INSERT dbo.Formitems OFF END
IF NOT EXISTS (SELECT * FROM Formitems WHERE FormItemId = 1480) BEGIN SET IDENTITY_INSERT dbo.Formitems ON INSERT INTO Formitems (FormItemId, formsectionid, FormSectionGroupId, ItemType, ItemLabel, SortOrder, active, GlobalCodeCategory, ItemColumnName, ItemRequiresComment, ItemCommentColumnName, ItemWidth, MaximumLength, DropdownType, SharedTableName, StoredProcedureName, ValueField, TextField, MultilineEditFieldHeight, EachRadioButtonOnNewLine) VALUES(1480,202,369,'5362','restricted',2,'Y',NULL,'AffectRestricted','N',NULL,NULL,NULL,NULL,NULL,NULL,NULL,NULL,NULL,NULL) SET IDENTITY_INSERT dbo.Formitems OFF END
IF NOT EXISTS (SELECT * FROM Formitems WHERE FormItemId = 1481) BEGIN SET IDENTITY_INSERT dbo.Formitems ON INSERT INTO Formitems (FormItemId, formsectionid, FormSectionGroupId, ItemType, ItemLabel, SortOrder, active, GlobalCodeCategory, ItemColumnName, ItemRequiresComment, ItemCommentColumnName, ItemWidth, MaximumLength, DropdownType, SharedTableName, StoredProcedureName, ValueField, TextField, MultilineEditFieldHeight, EachRadioButtonOnNewLine) VALUES(1481,202,369,'5362','blunted',3,'Y',NULL,'AffectBlunted','N',NULL,NULL,NULL,NULL,NULL,NULL,NULL,NULL,NULL,NULL) SET IDENTITY_INSERT dbo.Formitems OFF END
IF NOT EXISTS (SELECT * FROM Formitems WHERE FormItemId = 1482) BEGIN SET IDENTITY_INSERT dbo.Formitems ON INSERT INTO Formitems (FormItemId, formsectionid, FormSectionGroupId, ItemType, ItemLabel, SortOrder, active, GlobalCodeCategory, ItemColumnName, ItemRequiresComment, ItemCommentColumnName, ItemWidth, MaximumLength, DropdownType, SharedTableName, StoredProcedureName, ValueField, TextField, MultilineEditFieldHeight, EachRadioButtonOnNewLine) VALUES(1482,202,369,'5362','flattened',4,'Y',NULL,'AffectFlattened','N',NULL,NULL,NULL,NULL,NULL,NULL,NULL,NULL,NULL,NULL) SET IDENTITY_INSERT dbo.Formitems OFF END
IF NOT EXISTS (SELECT * FROM Formitems WHERE FormItemId = 1483) BEGIN SET IDENTITY_INSERT dbo.Formitems ON INSERT INTO Formitems (FormItemId, formsectionid, FormSectionGroupId, ItemType, ItemLabel, SortOrder, active, GlobalCodeCategory, ItemColumnName, ItemRequiresComment, ItemCommentColumnName, ItemWidth, MaximumLength, DropdownType, SharedTableName, StoredProcedureName, ValueField, TextField, MultilineEditFieldHeight, EachRadioButtonOnNewLine) VALUES(1483,202,369,'5362','detached',5,'Y',NULL,'AffectDetached','N',NULL,NULL,NULL,NULL,NULL,NULL,NULL,NULL,NULL,NULL) SET IDENTITY_INSERT dbo.Formitems OFF END
IF NOT EXISTS (SELECT * FROM Formitems WHERE FormItemId = 1484) BEGIN SET IDENTITY_INSERT dbo.Formitems ON INSERT INTO Formitems (FormItemId, formsectionid, FormSectionGroupId, ItemType, ItemLabel, SortOrder, active, GlobalCodeCategory, ItemColumnName, ItemRequiresComment, ItemCommentColumnName, ItemWidth, MaximumLength, DropdownType, SharedTableName, StoredProcedureName, ValueField, TextField, MultilineEditFieldHeight, EachRadioButtonOnNewLine) VALUES(1484,202,369,'5362','primarily inappropriate',6,'Y',NULL,'AffectPrimarilyInappropriate','N',NULL,NULL,NULL,NULL,NULL,NULL,NULL,NULL,NULL,NULL) SET IDENTITY_INSERT dbo.Formitems OFF END
IF NOT EXISTS (SELECT * FROM Formitems WHERE FormItemId = 1485) BEGIN SET IDENTITY_INSERT dbo.Formitems ON INSERT INTO Formitems (FormItemId, formsectionid, FormSectionGroupId, ItemType, ItemLabel, SortOrder, active, GlobalCodeCategory, ItemColumnName, ItemRequiresComment, ItemCommentColumnName, ItemWidth, MaximumLength, DropdownType, SharedTableName, StoredProcedureName, ValueField, TextField, MultilineEditFieldHeight, EachRadioButtonOnNewLine) VALUES(1485,202,370,'5362','Other/Comment',1,'Y',NULL,'AffectOther','N',NULL,NULL,NULL,NULL,NULL,NULL,NULL,NULL,NULL,NULL) SET IDENTITY_INSERT dbo.Formitems OFF END
IF NOT EXISTS (SELECT * FROM Formitems WHERE FormItemId = 1486) BEGIN SET IDENTITY_INSERT dbo.Formitems ON INSERT INTO Formitems (FormItemId, formsectionid, FormSectionGroupId, ItemType, ItemLabel, SortOrder, active, GlobalCodeCategory, ItemColumnName, ItemRequiresComment, ItemCommentColumnName, ItemWidth, MaximumLength, DropdownType, SharedTableName, StoredProcedureName, ValueField, TextField, MultilineEditFieldHeight, EachRadioButtonOnNewLine) VALUES(1486,202,370,'5363','',2,'Y',NULL,'AffectComment','N',NULL,640,NULL,NULL,NULL,NULL,NULL,NULL,NULL,NULL) SET IDENTITY_INSERT dbo.Formitems OFF END
IF NOT EXISTS (SELECT * FROM Formitems WHERE FormItemId = 1487) BEGIN SET IDENTITY_INSERT dbo.Formitems ON INSERT INTO Formitems (FormItemId, formsectionid, FormSectionGroupId, ItemType, ItemLabel, SortOrder, active, GlobalCodeCategory, ItemColumnName, ItemRequiresComment, ItemCommentColumnName, ItemWidth, MaximumLength, DropdownType, SharedTableName, StoredProcedureName, ValueField, TextField, MultilineEditFieldHeight, EachRadioButtonOnNewLine) VALUES(1487,203,371,'5362','Add to Needs List',1,'Y',NULL,'SpeechAddToNeedsList','N',NULL,NULL,NULL,NULL,NULL,NULL,NULL,NULL,NULL,NULL) SET IDENTITY_INSERT dbo.Formitems OFF END
IF NOT EXISTS (SELECT * FROM Formitems WHERE FormItemId = 1488) BEGIN SET IDENTITY_INSERT dbo.Formitems ON INSERT INTO Formitems (FormItemId, formsectionid, FormSectionGroupId, ItemType, ItemLabel, SortOrder, active, GlobalCodeCategory, ItemColumnName, ItemRequiresComment, ItemCommentColumnName, ItemWidth, MaximumLength, DropdownType, SharedTableName, StoredProcedureName, ValueField, TextField, MultilineEditFieldHeight, EachRadioButtonOnNewLine) VALUES(1488,203,371,'5374','',2,'Y',NULL,NULL,'N',NULL,NULL,NULL,NULL,NULL,NULL,NULL,NULL,NULL,NULL) SET IDENTITY_INSERT dbo.Formitems OFF END
IF NOT EXISTS (SELECT * FROM Formitems WHERE FormItemId = 1489) BEGIN SET IDENTITY_INSERT dbo.Formitems ON INSERT INTO Formitems (FormItemId, formsectionid, FormSectionGroupId, ItemType, ItemLabel, SortOrder, active, GlobalCodeCategory, ItemColumnName, ItemRequiresComment, ItemCommentColumnName, ItemWidth, MaximumLength, DropdownType, SharedTableName, StoredProcedureName, ValueField, TextField, MultilineEditFieldHeight, EachRadioButtonOnNewLine) VALUES(1489,203,372,'5362','normal for age & intellect',1,'Y',NULL,'SpeechNormal','N',NULL,NULL,NULL,NULL,NULL,NULL,NULL,NULL,NULL,NULL) SET IDENTITY_INSERT dbo.Formitems OFF END
IF NOT EXISTS (SELECT * FROM Formitems WHERE FormItemId = 1490) BEGIN SET IDENTITY_INSERT dbo.Formitems ON INSERT INTO Formitems (FormItemId, formsectionid, FormSectionGroupId, ItemType, ItemLabel, SortOrder, active, GlobalCodeCategory, ItemColumnName, ItemRequiresComment, ItemCommentColumnName, ItemWidth, MaximumLength, DropdownType, SharedTableName, StoredProcedureName, ValueField, TextField, MultilineEditFieldHeight, EachRadioButtonOnNewLine) VALUES(1490,203,372,'5362','logical/coherent',2,'Y',NULL,'SpeechLogicalCoherent','N',NULL,NULL,NULL,NULL,NULL,NULL,NULL,NULL,NULL,NULL) SET IDENTITY_INSERT dbo.Formitems OFF END
IF NOT EXISTS (SELECT * FROM Formitems WHERE FormItemId = 1491) BEGIN SET IDENTITY_INSERT dbo.Formitems ON INSERT INTO Formitems (FormItemId, formsectionid, FormSectionGroupId, ItemType, ItemLabel, SortOrder, active, GlobalCodeCategory, ItemColumnName, ItemRequiresComment, ItemCommentColumnName, ItemWidth, MaximumLength, DropdownType, SharedTableName, StoredProcedureName, ValueField, TextField, MultilineEditFieldHeight, EachRadioButtonOnNewLine) VALUES(1491,203,372,'5362','tangential',3,'Y',NULL,'SpeechTangential','N',NULL,NULL,NULL,NULL,NULL,NULL,NULL,NULL,NULL,NULL) SET IDENTITY_INSERT dbo.Formitems OFF END
IF NOT EXISTS (SELECT * FROM Formitems WHERE FormItemId = 1492) BEGIN SET IDENTITY_INSERT dbo.Formitems ON INSERT INTO Formitems (FormItemId, formsectionid, FormSectionGroupId, ItemType, ItemLabel, SortOrder, active, GlobalCodeCategory, ItemColumnName, ItemRequiresComment, ItemCommentColumnName, ItemWidth, MaximumLength, DropdownType, SharedTableName, StoredProcedureName, ValueField, TextField, MultilineEditFieldHeight, EachRadioButtonOnNewLine) VALUES(1492,203,372,'5362','sparse/slow',4,'Y',NULL,'SpeechSparseSlow','N',NULL,NULL,NULL,NULL,NULL,NULL,NULL,NULL,NULL,NULL) SET IDENTITY_INSERT dbo.Formitems OFF END
IF NOT EXISTS (SELECT * FROM Formitems WHERE FormItemId = 1493) BEGIN SET IDENTITY_INSERT dbo.Formitems ON INSERT INTO Formitems (FormItemId, formsectionid, FormSectionGroupId, ItemType, ItemLabel, SortOrder, active, GlobalCodeCategory, ItemColumnName, ItemRequiresComment, ItemCommentColumnName, ItemWidth, MaximumLength, DropdownType, SharedTableName, StoredProcedureName, ValueField, TextField, MultilineEditFieldHeight, EachRadioButtonOnNewLine) VALUES(1493,203,372,'5362','rapid/pressured',5,'Y',NULL,'SpeechRapidPressured','N',NULL,NULL,NULL,NULL,NULL,NULL,NULL,NULL,NULL,NULL) SET IDENTITY_INSERT dbo.Formitems OFF END
IF NOT EXISTS (SELECT * FROM Formitems WHERE FormItemId = 1494) BEGIN SET IDENTITY_INSERT dbo.Formitems ON INSERT INTO Formitems (FormItemId, formsectionid, FormSectionGroupId, ItemType, ItemLabel, SortOrder, active, GlobalCodeCategory, ItemColumnName, ItemRequiresComment, ItemCommentColumnName, ItemWidth, MaximumLength, DropdownType, SharedTableName, StoredProcedureName, ValueField, TextField, MultilineEditFieldHeight, EachRadioButtonOnNewLine) VALUES(1494,203,373,'5362','soft/mumbles/inaudible',1,'Y',NULL,'SpeechSoft','N',NULL,NULL,NULL,NULL,NULL,NULL,NULL,NULL,NULL,NULL) SET IDENTITY_INSERT dbo.Formitems OFF END
IF NOT EXISTS (SELECT * FROM Formitems WHERE FormItemId = 1495) BEGIN SET IDENTITY_INSERT dbo.Formitems ON INSERT INTO Formitems (FormItemId, formsectionid, FormSectionGroupId, ItemType, ItemLabel, SortOrder, active, GlobalCodeCategory, ItemColumnName, ItemRequiresComment, ItemCommentColumnName, ItemWidth, MaximumLength, DropdownType, SharedTableName, StoredProcedureName, ValueField, TextField, MultilineEditFieldHeight, EachRadioButtonOnNewLine) VALUES(1495,203,373,'5362','circumstantial',2,'Y',NULL,'SpeechCircumstantial','N',NULL,NULL,NULL,NULL,NULL,NULL,NULL,NULL,NULL,NULL) SET IDENTITY_INSERT dbo.Formitems OFF END
IF NOT EXISTS (SELECT * FROM Formitems WHERE FormItemId = 1496) BEGIN SET IDENTITY_INSERT dbo.Formitems ON INSERT INTO Formitems (FormItemId, formsectionid, FormSectionGroupId, ItemType, ItemLabel, SortOrder, active, GlobalCodeCategory, ItemColumnName, ItemRequiresComment, ItemCommentColumnName, ItemWidth, MaximumLength, DropdownType, SharedTableName, StoredProcedureName, ValueField, TextField, MultilineEditFieldHeight, EachRadioButtonOnNewLine) VALUES(1496,203,373,'5362','loud',3,'Y',NULL,'SpeechLoud','N',NULL,NULL,NULL,NULL,NULL,NULL,NULL,NULL,NULL,NULL) SET IDENTITY_INSERT dbo.Formitems OFF END
IF NOT EXISTS (SELECT * FROM Formitems WHERE FormItemId = 1497) BEGIN SET IDENTITY_INSERT dbo.Formitems ON INSERT INTO Formitems (FormItemId, formsectionid, FormSectionGroupId, ItemType, ItemLabel, SortOrder, active, GlobalCodeCategory, ItemColumnName, ItemRequiresComment, ItemCommentColumnName, ItemWidth, MaximumLength, DropdownType, SharedTableName, StoredProcedureName, ValueField, TextField, MultilineEditFieldHeight, EachRadioButtonOnNewLine) VALUES(1497,203,373,'5362','rambling',4,'Y',NULL,'SpeechRambling','N',NULL,NULL,NULL,NULL,NULL,NULL,NULL,NULL,NULL,NULL) SET IDENTITY_INSERT dbo.Formitems OFF END
IF NOT EXISTS (SELECT * FROM Formitems WHERE FormItemId = 1498) BEGIN SET IDENTITY_INSERT dbo.Formitems ON INSERT INTO Formitems (FormItemId, formsectionid, FormSectionGroupId, ItemType, ItemLabel, SortOrder, active, GlobalCodeCategory, ItemColumnName, ItemRequiresComment, ItemCommentColumnName, ItemWidth, MaximumLength, DropdownType, SharedTableName, StoredProcedureName, ValueField, TextField, MultilineEditFieldHeight, EachRadioButtonOnNewLine) VALUES(1498,203,374,'5362','Other/Comment',1,'Y',NULL,'SpeechOther','N',NULL,NULL,NULL,NULL,NULL,NULL,NULL,NULL,NULL,NULL) SET IDENTITY_INSERT dbo.Formitems OFF END
IF NOT EXISTS (SELECT * FROM Formitems WHERE FormItemId = 1499) BEGIN SET IDENTITY_INSERT dbo.Formitems ON INSERT INTO Formitems (FormItemId, formsectionid, FormSectionGroupId, ItemType, ItemLabel, SortOrder, active, GlobalCodeCategory, ItemColumnName, ItemRequiresComment, ItemCommentColumnName, ItemWidth, MaximumLength, DropdownType, SharedTableName, StoredProcedureName, ValueField, TextField, MultilineEditFieldHeight, EachRadioButtonOnNewLine) VALUES(1499,203,374,'5363','',2,'Y',NULL,'SpeechComment','N',NULL,640,NULL,NULL,NULL,NULL,NULL,NULL,NULL,NULL) SET IDENTITY_INSERT dbo.Formitems OFF END
IF NOT EXISTS (SELECT * FROM Formitems WHERE FormItemId = 1500) BEGIN SET IDENTITY_INSERT dbo.Formitems ON INSERT INTO Formitems (FormItemId, formsectionid, FormSectionGroupId, ItemType, ItemLabel, SortOrder, active, GlobalCodeCategory, ItemColumnName, ItemRequiresComment, ItemCommentColumnName, ItemWidth, MaximumLength, DropdownType, SharedTableName, StoredProcedureName, ValueField, TextField, MultilineEditFieldHeight, EachRadioButtonOnNewLine) VALUES(1500,204,375,'5362','Add to Needs List',1,'Y',NULL,'ThoughtAddToNeedsList','N',NULL,NULL,NULL,NULL,NULL,NULL,NULL,NULL,NULL,NULL) SET IDENTITY_INSERT dbo.Formitems OFF END
IF NOT EXISTS (SELECT * FROM Formitems WHERE FormItemId = 1501) BEGIN SET IDENTITY_INSERT dbo.Formitems ON INSERT INTO Formitems (FormItemId, formsectionid, FormSectionGroupId, ItemType, ItemLabel, SortOrder, active, GlobalCodeCategory, ItemColumnName, ItemRequiresComment, ItemCommentColumnName, ItemWidth, MaximumLength, DropdownType, SharedTableName, StoredProcedureName, ValueField, TextField, MultilineEditFieldHeight, EachRadioButtonOnNewLine) VALUES(1501,204,375,'5374','',2,'Y',NULL,NULL,'N',NULL,NULL,NULL,NULL,NULL,NULL,NULL,NULL,NULL,NULL) SET IDENTITY_INSERT dbo.Formitems OFF END
IF NOT EXISTS (SELECT * FROM Formitems WHERE FormItemId = 1502) BEGIN SET IDENTITY_INSERT dbo.Formitems ON INSERT INTO Formitems (FormItemId, formsectionid, FormSectionGroupId, ItemType, ItemLabel, SortOrder, active, GlobalCodeCategory, ItemColumnName, ItemRequiresComment, ItemCommentColumnName, ItemWidth, MaximumLength, DropdownType, SharedTableName, StoredProcedureName, ValueField, TextField, MultilineEditFieldHeight, EachRadioButtonOnNewLine) VALUES(1502,204,376,'5362','unremarkable',1,'Y',NULL,'ThoughtUnremarkable','N',NULL,NULL,NULL,NULL,NULL,NULL,NULL,NULL,NULL,NULL) SET IDENTITY_INSERT dbo.Formitems OFF END
IF NOT EXISTS (SELECT * FROM Formitems WHERE FormItemId = 1503) BEGIN SET IDENTITY_INSERT dbo.Formitems ON INSERT INTO Formitems (FormItemId, formsectionid, FormSectionGroupId, ItemType, ItemLabel, SortOrder, active, GlobalCodeCategory, ItemColumnName, ItemRequiresComment, ItemCommentColumnName, ItemWidth, MaximumLength, DropdownType, SharedTableName, StoredProcedureName, ValueField, TextField, MultilineEditFieldHeight, EachRadioButtonOnNewLine) VALUES(1503,204,376,'5362','paranoid',2,'Y',NULL,'ThoughtParanoid','N',NULL,NULL,NULL,NULL,NULL,NULL,NULL,NULL,NULL,NULL) SET IDENTITY_INSERT dbo.Formitems OFF END
IF NOT EXISTS (SELECT * FROM Formitems WHERE FormItemId = 1504) BEGIN SET IDENTITY_INSERT dbo.Formitems ON INSERT INTO Formitems (FormItemId, formsectionid, FormSectionGroupId, ItemType, ItemLabel, SortOrder, active, GlobalCodeCategory, ItemColumnName, ItemRequiresComment, ItemCommentColumnName, ItemWidth, MaximumLength, DropdownType, SharedTableName, StoredProcedureName, ValueField, TextField, MultilineEditFieldHeight, EachRadioButtonOnNewLine) VALUES(1504,204,376,'5362','grandiose',3,'Y',NULL,'ThoughtGrandiose','N',NULL,NULL,NULL,NULL,NULL,NULL,NULL,NULL,NULL,NULL) SET IDENTITY_INSERT dbo.Formitems OFF END
IF NOT EXISTS (SELECT * FROM Formitems WHERE FormItemId = 1505) BEGIN SET IDENTITY_INSERT dbo.Formitems ON INSERT INTO Formitems (FormItemId, formsectionid, FormSectionGroupId, ItemType, ItemLabel, SortOrder, active, GlobalCodeCategory, ItemColumnName, ItemRequiresComment, ItemCommentColumnName, ItemWidth, MaximumLength, DropdownType, SharedTableName, StoredProcedureName, ValueField, TextField, MultilineEditFieldHeight, EachRadioButtonOnNewLine) VALUES(1505,204,376,'5362','obsessive',4,'Y',NULL,'ThoughtObsessive','N',NULL,NULL,NULL,NULL,NULL,NULL,NULL,NULL,NULL,NULL) SET IDENTITY_INSERT dbo.Formitems OFF END
IF NOT EXISTS (SELECT * FROM Formitems WHERE FormItemId = 1506) BEGIN SET IDENTITY_INSERT dbo.Formitems ON INSERT INTO Formitems (FormItemId, formsectionid, FormSectionGroupId, ItemType, ItemLabel, SortOrder, active, GlobalCodeCategory, ItemColumnName, ItemRequiresComment, ItemCommentColumnName, ItemWidth, MaximumLength, DropdownType, SharedTableName, StoredProcedureName, ValueField, TextField, MultilineEditFieldHeight, EachRadioButtonOnNewLine) VALUES(1506,204,376,'5362','bizarre',5,'Y',NULL,'ThoughtBizarre','N',NULL,NULL,NULL,NULL,NULL,NULL,NULL,NULL,NULL,NULL) SET IDENTITY_INSERT dbo.Formitems OFF END
IF NOT EXISTS (SELECT * FROM Formitems WHERE FormItemId = 1507) BEGIN SET IDENTITY_INSERT dbo.Formitems ON INSERT INTO Formitems (FormItemId, formsectionid, FormSectionGroupId, ItemType, ItemLabel, SortOrder, active, GlobalCodeCategory, ItemColumnName, ItemRequiresComment, ItemCommentColumnName, ItemWidth, MaximumLength, DropdownType, SharedTableName, StoredProcedureName, ValueField, TextField, MultilineEditFieldHeight, EachRadioButtonOnNewLine) VALUES(1507,204,376,'5362','flight of ideas',6,'Y',NULL,'ThoughtFlightOfIdeas','N',NULL,NULL,NULL,NULL,NULL,NULL,NULL,NULL,NULL,NULL) SET IDENTITY_INSERT dbo.Formitems OFF END
IF NOT EXISTS (SELECT * FROM Formitems WHERE FormItemId = 1508) BEGIN SET IDENTITY_INSERT dbo.Formitems ON INSERT INTO Formitems (FormItemId, formsectionid, FormSectionGroupId, ItemType, ItemLabel, SortOrder, active, GlobalCodeCategory, ItemColumnName, ItemRequiresComment, ItemCommentColumnName, ItemWidth, MaximumLength, DropdownType, SharedTableName, StoredProcedureName, ValueField, TextField, MultilineEditFieldHeight, EachRadioButtonOnNewLine) VALUES(1508,204,377,'5362','disorganized',1,'Y',NULL,'ThoughtDisorganized','N',NULL,NULL,NULL,NULL,NULL,NULL,NULL,NULL,NULL,NULL) SET IDENTITY_INSERT dbo.Formitems OFF END
IF NOT EXISTS (SELECT * FROM Formitems WHERE FormItemId = 1509) BEGIN SET IDENTITY_INSERT dbo.Formitems ON INSERT INTO Formitems (FormItemId, formsectionid, FormSectionGroupId, ItemType, ItemLabel, SortOrder, active, GlobalCodeCategory, ItemColumnName, ItemRequiresComment, ItemCommentColumnName, ItemWidth, MaximumLength, DropdownType, SharedTableName, StoredProcedureName, ValueField, TextField, MultilineEditFieldHeight, EachRadioButtonOnNewLine) VALUES(1509,204,377,'5362','auditory hallucinations',2,'Y',NULL,'ThoughtAuditoryHallucinations','N',NULL,NULL,NULL,NULL,NULL,NULL,NULL,NULL,NULL,NULL) SET IDENTITY_INSERT dbo.Formitems OFF END
IF NOT EXISTS (SELECT * FROM Formitems WHERE FormItemId = 1510) BEGIN SET IDENTITY_INSERT dbo.Formitems ON INSERT INTO Formitems (FormItemId, formsectionid, FormSectionGroupId, ItemType, ItemLabel, SortOrder, active, GlobalCodeCategory, ItemColumnName, ItemRequiresComment, ItemCommentColumnName, ItemWidth, MaximumLength, DropdownType, SharedTableName, StoredProcedureName, ValueField, TextField, MultilineEditFieldHeight, EachRadioButtonOnNewLine) VALUES(1510,204,377,'5362','visual hallucinations',3,'Y',NULL,'ThoughtVisualHallucinations','N',NULL,NULL,NULL,NULL,NULL,NULL,NULL,NULL,NULL,NULL) SET IDENTITY_INSERT dbo.Formitems OFF END
IF NOT EXISTS (SELECT * FROM Formitems WHERE FormItemId = 1511) BEGIN SET IDENTITY_INSERT dbo.Formitems ON INSERT INTO Formitems (FormItemId, formsectionid, FormSectionGroupId, ItemType, ItemLabel, SortOrder, active, GlobalCodeCategory, ItemColumnName, ItemRequiresComment, ItemCommentColumnName, ItemWidth, MaximumLength, DropdownType, SharedTableName, StoredProcedureName, ValueField, TextField, MultilineEditFieldHeight, EachRadioButtonOnNewLine) VALUES(1511,204,377,'5362','tactile hallucinations',4,'Y',NULL,'ThoughtTactileHallucinations','N',NULL,NULL,NULL,NULL,NULL,NULL,NULL,NULL,NULL,NULL) SET IDENTITY_INSERT dbo.Formitems OFF END
IF NOT EXISTS (SELECT * FROM Formitems WHERE FormItemId = 1512) BEGIN SET IDENTITY_INSERT dbo.Formitems ON INSERT INTO Formitems (FormItemId, formsectionid, FormSectionGroupId, ItemType, ItemLabel, SortOrder, active, GlobalCodeCategory, ItemColumnName, ItemRequiresComment, ItemCommentColumnName, ItemWidth, MaximumLength, DropdownType, SharedTableName, StoredProcedureName, ValueField, TextField, MultilineEditFieldHeight, EachRadioButtonOnNewLine) VALUES(1512,204,378,'5362','Other/Comment',1,'Y',NULL,'ThoughtOther','N',NULL,NULL,NULL,NULL,NULL,NULL,NULL,NULL,NULL,NULL) SET IDENTITY_INSERT dbo.Formitems OFF END
IF NOT EXISTS (SELECT * FROM Formitems WHERE FormItemId = 1513) BEGIN SET IDENTITY_INSERT dbo.Formitems ON INSERT INTO Formitems (FormItemId, formsectionid, FormSectionGroupId, ItemType, ItemLabel, SortOrder, active, GlobalCodeCategory, ItemColumnName, ItemRequiresComment, ItemCommentColumnName, ItemWidth, MaximumLength, DropdownType, SharedTableName, StoredProcedureName, ValueField, TextField, MultilineEditFieldHeight, EachRadioButtonOnNewLine) VALUES(1513,204,378,'5363','',2,'Y',NULL,'ThoughtComment','N',NULL,640,NULL,NULL,NULL,NULL,NULL,NULL,NULL,NULL) SET IDENTITY_INSERT dbo.Formitems OFF END
IF NOT EXISTS (SELECT * FROM Formitems WHERE FormItemId = 1514) BEGIN SET IDENTITY_INSERT dbo.Formitems ON INSERT INTO Formitems (FormItemId, formsectionid, FormSectionGroupId, ItemType, ItemLabel, SortOrder, active, GlobalCodeCategory, ItemColumnName, ItemRequiresComment, ItemCommentColumnName, ItemWidth, MaximumLength, DropdownType, SharedTableName, StoredProcedureName, ValueField, TextField, MultilineEditFieldHeight, EachRadioButtonOnNewLine) VALUES(1514,205,379,'5362','Add to Needs List',1,'Y',NULL,'BehaviorAddToNeedsList','N',NULL,NULL,NULL,NULL,NULL,NULL,NULL,NULL,NULL,NULL) SET IDENTITY_INSERT dbo.Formitems OFF END
IF NOT EXISTS (SELECT * FROM Formitems WHERE FormItemId = 1515) BEGIN SET IDENTITY_INSERT dbo.Formitems ON INSERT INTO Formitems (FormItemId, formsectionid, FormSectionGroupId, ItemType, ItemLabel, SortOrder, active, GlobalCodeCategory, ItemColumnName, ItemRequiresComment, ItemCommentColumnName, ItemWidth, MaximumLength, DropdownType, SharedTableName, StoredProcedureName, ValueField, TextField, MultilineEditFieldHeight, EachRadioButtonOnNewLine) VALUES(1515,205,379,'5374','',2,'Y',NULL,NULL,'N',NULL,NULL,NULL,NULL,NULL,NULL,NULL,NULL,NULL,NULL) SET IDENTITY_INSERT dbo.Formitems OFF END
IF NOT EXISTS (SELECT * FROM Formitems WHERE FormItemId = 1516) BEGIN SET IDENTITY_INSERT dbo.Formitems ON INSERT INTO Formitems (FormItemId, formsectionid, FormSectionGroupId, ItemType, ItemLabel, SortOrder, active, GlobalCodeCategory, ItemColumnName, ItemRequiresComment, ItemCommentColumnName, ItemWidth, MaximumLength, DropdownType, SharedTableName, StoredProcedureName, ValueField, TextField, MultilineEditFieldHeight, EachRadioButtonOnNewLine) VALUES(1516,205,380,'5362','normal/alert',1,'Y',NULL,'BehaviorNormal','N',NULL,NULL,NULL,NULL,NULL,NULL,NULL,NULL,NULL,NULL) SET IDENTITY_INSERT dbo.Formitems OFF END
IF NOT EXISTS (SELECT * FROM Formitems WHERE FormItemId = 1517) BEGIN SET IDENTITY_INSERT dbo.Formitems ON INSERT INTO Formitems (FormItemId, formsectionid, FormSectionGroupId, ItemType, ItemLabel, SortOrder, active, GlobalCodeCategory, ItemColumnName, ItemRequiresComment, ItemCommentColumnName, ItemWidth, MaximumLength, DropdownType, SharedTableName, StoredProcedureName, ValueField, TextField, MultilineEditFieldHeight, EachRadioButtonOnNewLine) VALUES(1517,205,380,'5362','restless/overactive',2,'Y',NULL,'BehaviorRestless','N',NULL,NULL,NULL,NULL,NULL,NULL,NULL,NULL,NULL,NULL) SET IDENTITY_INSERT dbo.Formitems OFF END
IF NOT EXISTS (SELECT * FROM Formitems WHERE FormItemId = 1518) BEGIN SET IDENTITY_INSERT dbo.Formitems ON INSERT INTO Formitems (FormItemId, formsectionid, FormSectionGroupId, ItemType, ItemLabel, SortOrder, active, GlobalCodeCategory, ItemColumnName, ItemRequiresComment, ItemCommentColumnName, ItemWidth, MaximumLength, DropdownType, SharedTableName, StoredProcedureName, ValueField, TextField, MultilineEditFieldHeight, EachRadioButtonOnNewLine) VALUES(1518,205,380,'5362','poor eye contact',3,'Y',NULL,'BehaviorPoorEyeContact','N',NULL,NULL,NULL,NULL,NULL,NULL,NULL,NULL,NULL,NULL) SET IDENTITY_INSERT dbo.Formitems OFF END
IF NOT EXISTS (SELECT * FROM Formitems WHERE FormItemId = 1519) BEGIN SET IDENTITY_INSERT dbo.Formitems ON INSERT INTO Formitems (FormItemId, formsectionid, FormSectionGroupId, ItemType, ItemLabel, SortOrder, active, GlobalCodeCategory, ItemColumnName, ItemRequiresComment, ItemCommentColumnName, ItemWidth, MaximumLength, DropdownType, SharedTableName, StoredProcedureName, ValueField, TextField, MultilineEditFieldHeight, EachRadioButtonOnNewLine) VALUES(1519,205,380,'5362','agitated/tense',4,'Y',NULL,'BehaviorAgitated','N',NULL,NULL,NULL,NULL,NULL,NULL,NULL,NULL,NULL,NULL) SET IDENTITY_INSERT dbo.Formitems OFF END
IF NOT EXISTS (SELECT * FROM Formitems WHERE FormItemId = 1520) BEGIN SET IDENTITY_INSERT dbo.Formitems ON INSERT INTO Formitems (FormItemId, formsectionid, FormSectionGroupId, ItemType, ItemLabel, SortOrder, active, GlobalCodeCategory, ItemColumnName, ItemRequiresComment, ItemCommentColumnName, ItemWidth, MaximumLength, DropdownType, SharedTableName, StoredProcedureName, ValueField, TextField, MultilineEditFieldHeight, EachRadioButtonOnNewLine) VALUES(1520,205,380,'5362','peculiar mannerisms',5,'Y',NULL,'BehaviorPeculiar','N',NULL,NULL,NULL,NULL,NULL,NULL,NULL,NULL,NULL,NULL) SET IDENTITY_INSERT dbo.Formitems OFF END
IF NOT EXISTS (SELECT * FROM Formitems WHERE FormItemId = 1521) BEGIN SET IDENTITY_INSERT dbo.Formitems ON INSERT INTO Formitems (FormItemId, formsectionid, FormSectionGroupId, ItemType, ItemLabel, SortOrder, active, GlobalCodeCategory, ItemColumnName, ItemRequiresComment, ItemCommentColumnName, ItemWidth, MaximumLength, DropdownType, SharedTableName, StoredProcedureName, ValueField, TextField, MultilineEditFieldHeight, EachRadioButtonOnNewLine) VALUES(1521,205,381,'5362','self-destructive',1,'Y',NULL,'BehaviorSelfDestructive','N',NULL,NULL,NULL,NULL,NULL,NULL,NULL,NULL,NULL,NULL) SET IDENTITY_INSERT dbo.Formitems OFF END
IF NOT EXISTS (SELECT * FROM Formitems WHERE FormItemId = 1522) BEGIN SET IDENTITY_INSERT dbo.Formitems ON INSERT INTO Formitems (FormItemId, formsectionid, FormSectionGroupId, ItemType, ItemLabel, SortOrder, active, GlobalCodeCategory, ItemColumnName, ItemRequiresComment, ItemCommentColumnName, ItemWidth, MaximumLength, DropdownType, SharedTableName, StoredProcedureName, ValueField, TextField, MultilineEditFieldHeight, EachRadioButtonOnNewLine) VALUES(1522,205,381,'5362','slowed/lethargic',2,'Y',NULL,'BehaviorSlowed','N',NULL,NULL,NULL,NULL,NULL,NULL,NULL,NULL,NULL,NULL) SET IDENTITY_INSERT dbo.Formitems OFF END
IF NOT EXISTS (SELECT * FROM Formitems WHERE FormItemId = 1523) BEGIN SET IDENTITY_INSERT dbo.Formitems ON INSERT INTO Formitems (FormItemId, formsectionid, FormSectionGroupId, ItemType, ItemLabel, SortOrder, active, GlobalCodeCategory, ItemColumnName, ItemRequiresComment, ItemCommentColumnName, ItemWidth, MaximumLength, DropdownType, SharedTableName, StoredProcedureName, ValueField, TextField, MultilineEditFieldHeight, EachRadioButtonOnNewLine) VALUES(1523,205,381,'5362','destructive to others or property',3,'Y',NULL,'BehaviorDestructiveToOthers','N',NULL,NULL,NULL,NULL,NULL,NULL,NULL,NULL,NULL,NULL) SET IDENTITY_INSERT dbo.Formitems OFF END
IF NOT EXISTS (SELECT * FROM Formitems WHERE FormItemId = 1524) BEGIN SET IDENTITY_INSERT dbo.Formitems ON INSERT INTO Formitems (FormItemId, formsectionid, FormSectionGroupId, ItemType, ItemLabel, SortOrder, active, GlobalCodeCategory, ItemColumnName, ItemRequiresComment, ItemCommentColumnName, ItemWidth, MaximumLength, DropdownType, SharedTableName, StoredProcedureName, ValueField, TextField, MultilineEditFieldHeight, EachRadioButtonOnNewLine) VALUES(1524,205,381,'5362','compulsive/repetitious',4,'Y',NULL,'BehaviorCompulsive','N',NULL,NULL,NULL,NULL,NULL,NULL,NULL,NULL,NULL,NULL) SET IDENTITY_INSERT dbo.Formitems OFF END
IF NOT EXISTS (SELECT * FROM Formitems WHERE FormItemId = 1525) BEGIN SET IDENTITY_INSERT dbo.Formitems ON INSERT INTO Formitems (FormItemId, formsectionid, FormSectionGroupId, ItemType, ItemLabel, SortOrder, active, GlobalCodeCategory, ItemColumnName, ItemRequiresComment, ItemCommentColumnName, ItemWidth, MaximumLength, DropdownType, SharedTableName, StoredProcedureName, ValueField, TextField, MultilineEditFieldHeight, EachRadioButtonOnNewLine) VALUES(1525,205,382,'5362','Other/Comment',2,'Y',NULL,'BehaviorOther','N',NULL,NULL,NULL,NULL,NULL,NULL,NULL,NULL,NULL,NULL) SET IDENTITY_INSERT dbo.Formitems OFF END
IF NOT EXISTS (SELECT * FROM Formitems WHERE FormItemId = 1526) BEGIN SET IDENTITY_INSERT dbo.Formitems ON INSERT INTO Formitems (FormItemId, formsectionid, FormSectionGroupId, ItemType, ItemLabel, SortOrder, active, GlobalCodeCategory, ItemColumnName, ItemRequiresComment, ItemCommentColumnName, ItemWidth, MaximumLength, DropdownType, SharedTableName, StoredProcedureName, ValueField, TextField, MultilineEditFieldHeight, EachRadioButtonOnNewLine) VALUES(1526,205,382,'5363','',3,'Y',NULL,'BehaviorComment','N',NULL,640,NULL,NULL,NULL,NULL,NULL,NULL,NULL,NULL) SET IDENTITY_INSERT dbo.Formitems OFF END
IF NOT EXISTS (SELECT * FROM Formitems WHERE FormItemId = 1527) BEGIN SET IDENTITY_INSERT dbo.Formitems ON INSERT INTO Formitems (FormItemId, formsectionid, FormSectionGroupId, ItemType, ItemLabel, SortOrder, active, GlobalCodeCategory, ItemColumnName, ItemRequiresComment, ItemCommentColumnName, ItemWidth, MaximumLength, DropdownType, SharedTableName, StoredProcedureName, ValueField, TextField, MultilineEditFieldHeight, EachRadioButtonOnNewLine) VALUES(1527,206,383,'5362','Add to Needs List',1,'Y',NULL,'OrientationAddToNeedsList','N',NULL,NULL,NULL,NULL,NULL,NULL,NULL,NULL,NULL,NULL) SET IDENTITY_INSERT dbo.Formitems OFF END
IF NOT EXISTS (SELECT * FROM Formitems WHERE FormItemId = 1528) BEGIN SET IDENTITY_INSERT dbo.Formitems ON INSERT INTO Formitems (FormItemId, formsectionid, FormSectionGroupId, ItemType, ItemLabel, SortOrder, active, GlobalCodeCategory, ItemColumnName, ItemRequiresComment, ItemCommentColumnName, ItemWidth, MaximumLength, DropdownType, SharedTableName, StoredProcedureName, ValueField, TextField, MultilineEditFieldHeight, EachRadioButtonOnNewLine) VALUES(1528,206,383,'5374','',2,'Y',NULL,NULL,'N',NULL,NULL,NULL,NULL,NULL,NULL,NULL,NULL,NULL,NULL) SET IDENTITY_INSERT dbo.Formitems OFF END
IF NOT EXISTS (SELECT * FROM Formitems WHERE FormItemId = 1529) BEGIN SET IDENTITY_INSERT dbo.Formitems ON INSERT INTO Formitems (FormItemId, formsectionid, FormSectionGroupId, ItemType, ItemLabel, SortOrder, active, GlobalCodeCategory, ItemColumnName, ItemRequiresComment, ItemCommentColumnName, ItemWidth, MaximumLength, DropdownType, SharedTableName, StoredProcedureName, ValueField, TextField, MultilineEditFieldHeight, EachRadioButtonOnNewLine) VALUES(1529,206,384,'5362','oriented to person, place and time',1,'Y',NULL,'OrientationToPersonPlaceTime','N',NULL,NULL,NULL,NULL,NULL,NULL,NULL,NULL,NULL,NULL) SET IDENTITY_INSERT dbo.Formitems OFF END
IF NOT EXISTS (SELECT * FROM Formitems WHERE FormItemId = 1530) BEGIN SET IDENTITY_INSERT dbo.Formitems ON INSERT INTO Formitems (FormItemId, formsectionid, FormSectionGroupId, ItemType, ItemLabel, SortOrder, active, GlobalCodeCategory, ItemColumnName, ItemRequiresComment, ItemCommentColumnName, ItemWidth, MaximumLength, DropdownType, SharedTableName, StoredProcedureName, ValueField, TextField, MultilineEditFieldHeight, EachRadioButtonOnNewLine) VALUES(1530,206,384,'5362','not oriented to person',2,'Y',NULL,'OrientationNotToPerson','N',NULL,NULL,NULL,NULL,NULL,NULL,NULL,NULL,NULL,NULL) SET IDENTITY_INSERT dbo.Formitems OFF END
IF NOT EXISTS (SELECT * FROM Formitems WHERE FormItemId = 1531) BEGIN SET IDENTITY_INSERT dbo.Formitems ON INSERT INTO Formitems (FormItemId, formsectionid, FormSectionGroupId, ItemType, ItemLabel, SortOrder, active, GlobalCodeCategory, ItemColumnName, ItemRequiresComment, ItemCommentColumnName, ItemWidth, MaximumLength, DropdownType, SharedTableName, StoredProcedureName, ValueField, TextField, MultilineEditFieldHeight, EachRadioButtonOnNewLine) VALUES(1531,206,384,'5362','not oriented to place',3,'Y',NULL,'OrientationNotToPlace','N',NULL,NULL,NULL,NULL,NULL,NULL,NULL,NULL,NULL,NULL) SET IDENTITY_INSERT dbo.Formitems OFF END
IF NOT EXISTS (SELECT * FROM Formitems WHERE FormItemId = 1532) BEGIN SET IDENTITY_INSERT dbo.Formitems ON INSERT INTO Formitems (FormItemId, formsectionid, FormSectionGroupId, ItemType, ItemLabel, SortOrder, active, GlobalCodeCategory, ItemColumnName, ItemRequiresComment, ItemCommentColumnName, ItemWidth, MaximumLength, DropdownType, SharedTableName, StoredProcedureName, ValueField, TextField, MultilineEditFieldHeight, EachRadioButtonOnNewLine) VALUES(1532,206,385,'5362','not oriented to time',1,'Y',NULL,'OrientationNotToTime','N',NULL,NULL,NULL,NULL,NULL,NULL,NULL,NULL,NULL,NULL) SET IDENTITY_INSERT dbo.Formitems OFF END
IF NOT EXISTS (SELECT * FROM Formitems WHERE FormItemId = 1533) BEGIN SET IDENTITY_INSERT dbo.Formitems ON INSERT INTO Formitems (FormItemId, formsectionid, FormSectionGroupId, ItemType, ItemLabel, SortOrder, active, GlobalCodeCategory, ItemColumnName, ItemRequiresComment, ItemCommentColumnName, ItemWidth, MaximumLength, DropdownType, SharedTableName, StoredProcedureName, ValueField, TextField, MultilineEditFieldHeight, EachRadioButtonOnNewLine) VALUES(1533,206,386,'5362','Other/Comment',1,'Y',NULL,'OrientationOther','N',NULL,NULL,NULL,NULL,NULL,NULL,NULL,NULL,NULL,NULL) SET IDENTITY_INSERT dbo.Formitems OFF END
IF NOT EXISTS (SELECT * FROM Formitems WHERE FormItemId = 1534) BEGIN SET IDENTITY_INSERT dbo.Formitems ON INSERT INTO Formitems (FormItemId, formsectionid, FormSectionGroupId, ItemType, ItemLabel, SortOrder, active, GlobalCodeCategory, ItemColumnName, ItemRequiresComment, ItemCommentColumnName, ItemWidth, MaximumLength, DropdownType, SharedTableName, StoredProcedureName, ValueField, TextField, MultilineEditFieldHeight, EachRadioButtonOnNewLine) VALUES(1534,206,386,'5363','',2,'Y',NULL,'OrientationComment','N',NULL,640,NULL,NULL,NULL,NULL,NULL,NULL,NULL,NULL) SET IDENTITY_INSERT dbo.Formitems OFF END
IF NOT EXISTS (SELECT * FROM Formitems WHERE FormItemId = 1535) BEGIN SET IDENTITY_INSERT dbo.Formitems ON INSERT INTO Formitems (FormItemId, formsectionid, FormSectionGroupId, ItemType, ItemLabel, SortOrder, active, GlobalCodeCategory, ItemColumnName, ItemRequiresComment, ItemCommentColumnName, ItemWidth, MaximumLength, DropdownType, SharedTableName, StoredProcedureName, ValueField, TextField, MultilineEditFieldHeight, EachRadioButtonOnNewLine) VALUES(1535,207,387,'5362','Add to Needs List',1,'Y',NULL,'InsightAddToNeedsList','N',NULL,NULL,NULL,NULL,NULL,NULL,NULL,NULL,NULL,NULL) SET IDENTITY_INSERT dbo.Formitems OFF END
IF NOT EXISTS (SELECT * FROM Formitems WHERE FormItemId = 1536) BEGIN SET IDENTITY_INSERT dbo.Formitems ON INSERT INTO Formitems (FormItemId, formsectionid, FormSectionGroupId, ItemType, ItemLabel, SortOrder, active, GlobalCodeCategory, ItemColumnName, ItemRequiresComment, ItemCommentColumnName, ItemWidth, MaximumLength, DropdownType, SharedTableName, StoredProcedureName, ValueField, TextField, MultilineEditFieldHeight, EachRadioButtonOnNewLine) VALUES(1536,207,387,'5374','',2,'Y',NULL,NULL,'N',NULL,NULL,NULL,NULL,NULL,NULL,NULL,NULL,NULL,NULL) SET IDENTITY_INSERT dbo.Formitems OFF END
IF NOT EXISTS (SELECT * FROM Formitems WHERE FormItemId = 1537) BEGIN SET IDENTITY_INSERT dbo.Formitems ON INSERT INTO Formitems (FormItemId, formsectionid, FormSectionGroupId, ItemType, ItemLabel, SortOrder, active, GlobalCodeCategory, ItemColumnName, ItemRequiresComment, ItemCommentColumnName, ItemWidth, MaximumLength, DropdownType, SharedTableName, StoredProcedureName, ValueField, TextField, MultilineEditFieldHeight, EachRadioButtonOnNewLine) VALUES(1537,207,388,'5362','good',1,'Y',NULL,'InsightGood','N',NULL,NULL,NULL,NULL,NULL,NULL,NULL,NULL,NULL,NULL) SET IDENTITY_INSERT dbo.Formitems OFF END
IF NOT EXISTS (SELECT * FROM Formitems WHERE FormItemId = 1538) BEGIN SET IDENTITY_INSERT dbo.Formitems ON INSERT INTO Formitems (FormItemId, formsectionid, FormSectionGroupId, ItemType, ItemLabel, SortOrder, active, GlobalCodeCategory, ItemColumnName, ItemRequiresComment, ItemCommentColumnName, ItemWidth, MaximumLength, DropdownType, SharedTableName, StoredProcedureName, ValueField, TextField, MultilineEditFieldHeight, EachRadioButtonOnNewLine) VALUES(1538,207,388,'5362','fair',2,'Y',NULL,'InsightFair','N',NULL,NULL,NULL,NULL,NULL,NULL,NULL,NULL,NULL,NULL) SET IDENTITY_INSERT dbo.Formitems OFF END
IF NOT EXISTS (SELECT * FROM Formitems WHERE FormItemId = 1539) BEGIN SET IDENTITY_INSERT dbo.Formitems ON INSERT INTO Formitems (FormItemId, formsectionid, FormSectionGroupId, ItemType, ItemLabel, SortOrder, active, GlobalCodeCategory, ItemColumnName, ItemRequiresComment, ItemCommentColumnName, ItemWidth, MaximumLength, DropdownType, SharedTableName, StoredProcedureName, ValueField, TextField, MultilineEditFieldHeight, EachRadioButtonOnNewLine) VALUES(1539,207,388,'5362','poor',3,'Y',NULL,'InsightPoor','N',NULL,NULL,NULL,NULL,NULL,NULL,NULL,NULL,NULL,NULL) SET IDENTITY_INSERT dbo.Formitems OFF END
IF NOT EXISTS (SELECT * FROM Formitems WHERE FormItemId = 1540) BEGIN SET IDENTITY_INSERT dbo.Formitems ON INSERT INTO Formitems (FormItemId, formsectionid, FormSectionGroupId, ItemType, ItemLabel, SortOrder, active, GlobalCodeCategory, ItemColumnName, ItemRequiresComment, ItemCommentColumnName, ItemWidth, MaximumLength, DropdownType, SharedTableName, StoredProcedureName, ValueField, TextField, MultilineEditFieldHeight, EachRadioButtonOnNewLine) VALUES(1540,207,388,'5362','lacking',4,'Y',NULL,'InsightLacking','N',NULL,NULL,NULL,NULL,NULL,NULL,NULL,NULL,NULL,NULL) SET IDENTITY_INSERT dbo.Formitems OFF END
IF NOT EXISTS (SELECT * FROM Formitems WHERE FormItemId = 1541) BEGIN SET IDENTITY_INSERT dbo.Formitems ON INSERT INTO Formitems (FormItemId, formsectionid, FormSectionGroupId, ItemType, ItemLabel, SortOrder, active, GlobalCodeCategory, ItemColumnName, ItemRequiresComment, ItemCommentColumnName, ItemWidth, MaximumLength, DropdownType, SharedTableName, StoredProcedureName, ValueField, TextField, MultilineEditFieldHeight, EachRadioButtonOnNewLine) VALUES(1541,207,389,'5362','Other/Comment',1,'Y',NULL,'InsightOther','N',NULL,NULL,NULL,NULL,NULL,NULL,NULL,NULL,NULL,NULL) SET IDENTITY_INSERT dbo.Formitems OFF END
IF NOT EXISTS (SELECT * FROM Formitems WHERE FormItemId = 1542) BEGIN SET IDENTITY_INSERT dbo.Formitems ON INSERT INTO Formitems (FormItemId, formsectionid, FormSectionGroupId, ItemType, ItemLabel, SortOrder, active, GlobalCodeCategory, ItemColumnName, ItemRequiresComment, ItemCommentColumnName, ItemWidth, MaximumLength, DropdownType, SharedTableName, StoredProcedureName, ValueField, TextField, MultilineEditFieldHeight, EachRadioButtonOnNewLine) VALUES(1542,207,389,'5363','',2,'Y',NULL,'InsightComment','N',NULL,640,NULL,NULL,NULL,NULL,NULL,NULL,NULL,NULL) SET IDENTITY_INSERT dbo.Formitems OFF END
IF NOT EXISTS (SELECT * FROM Formitems WHERE FormItemId = 1543) BEGIN SET IDENTITY_INSERT dbo.Formitems ON INSERT INTO Formitems (FormItemId, formsectionid, FormSectionGroupId, ItemType, ItemLabel, SortOrder, active, GlobalCodeCategory, ItemColumnName, ItemRequiresComment, ItemCommentColumnName, ItemWidth, MaximumLength, DropdownType, SharedTableName, StoredProcedureName, ValueField, TextField, MultilineEditFieldHeight, EachRadioButtonOnNewLine) VALUES(1543,208,390,'5362','Add to Needs List',1,'Y',NULL,'MemoryAddToNeedsList','N',NULL,NULL,NULL,NULL,NULL,NULL,NULL,NULL,NULL,NULL) SET IDENTITY_INSERT dbo.Formitems OFF END
IF NOT EXISTS (SELECT * FROM Formitems WHERE FormItemId = 1544) BEGIN SET IDENTITY_INSERT dbo.Formitems ON INSERT INTO Formitems (FormItemId, formsectionid, FormSectionGroupId, ItemType, ItemLabel, SortOrder, active, GlobalCodeCategory, ItemColumnName, ItemRequiresComment, ItemCommentColumnName, ItemWidth, MaximumLength, DropdownType, SharedTableName, StoredProcedureName, ValueField, TextField, MultilineEditFieldHeight, EachRadioButtonOnNewLine) VALUES(1544,208,390,'5374','',2,'Y',NULL,NULL,'N',NULL,NULL,NULL,NULL,NULL,NULL,NULL,NULL,NULL,NULL) SET IDENTITY_INSERT dbo.Formitems OFF END
IF NOT EXISTS (SELECT * FROM Formitems WHERE FormItemId = 1545) BEGIN SET IDENTITY_INSERT dbo.Formitems ON INSERT INTO Formitems (FormItemId, formsectionid, FormSectionGroupId, ItemType, ItemLabel, SortOrder, active, GlobalCodeCategory, ItemColumnName, ItemRequiresComment, ItemCommentColumnName, ItemWidth, MaximumLength, DropdownType, SharedTableName, StoredProcedureName, ValueField, TextField, MultilineEditFieldHeight, EachRadioButtonOnNewLine) VALUES(1545,208,391,'5362','good/normal',1,'Y',NULL,'MemoryGoodNormal','N',NULL,NULL,NULL,NULL,NULL,NULL,NULL,NULL,NULL,NULL) SET IDENTITY_INSERT dbo.Formitems OFF END
IF NOT EXISTS (SELECT * FROM Formitems WHERE FormItemId = 1546) BEGIN SET IDENTITY_INSERT dbo.Formitems ON INSERT INTO Formitems (FormItemId, formsectionid, FormSectionGroupId, ItemType, ItemLabel, SortOrder, active, GlobalCodeCategory, ItemColumnName, ItemRequiresComment, ItemCommentColumnName, ItemWidth, MaximumLength, DropdownType, SharedTableName, StoredProcedureName, ValueField, TextField, MultilineEditFieldHeight, EachRadioButtonOnNewLine) VALUES(1546,208,391,'5362','impaired short-term',2,'Y',NULL,'MemoryImpairedShortTerm','N',NULL,NULL,NULL,NULL,NULL,NULL,NULL,NULL,NULL,NULL) SET IDENTITY_INSERT dbo.Formitems OFF END
IF NOT EXISTS (SELECT * FROM Formitems WHERE FormItemId = 1547) BEGIN SET IDENTITY_INSERT dbo.Formitems ON INSERT INTO Formitems (FormItemId, formsectionid, FormSectionGroupId, ItemType, ItemLabel, SortOrder, active, GlobalCodeCategory, ItemColumnName, ItemRequiresComment, ItemCommentColumnName, ItemWidth, MaximumLength, DropdownType, SharedTableName, StoredProcedureName, ValueField, TextField, MultilineEditFieldHeight, EachRadioButtonOnNewLine) VALUES(1547,208,391,'5362','impaired long-term',3,'Y',NULL,'MemoryImpairedLongTerm','N',NULL,NULL,NULL,NULL,NULL,NULL,NULL,NULL,NULL,NULL) SET IDENTITY_INSERT dbo.Formitems OFF END
IF NOT EXISTS (SELECT * FROM Formitems WHERE FormItemId = 1548) BEGIN SET IDENTITY_INSERT dbo.Formitems ON INSERT INTO Formitems (FormItemId, formsectionid, FormSectionGroupId, ItemType, ItemLabel, SortOrder, active, GlobalCodeCategory, ItemColumnName, ItemRequiresComment, ItemCommentColumnName, ItemWidth, MaximumLength, DropdownType, SharedTableName, StoredProcedureName, ValueField, TextField, MultilineEditFieldHeight, EachRadioButtonOnNewLine) VALUES(1548,208,392,'5362','Other/Comment',1,'Y',NULL,'MemoryOther','N',NULL,NULL,NULL,NULL,NULL,NULL,NULL,NULL,NULL,NULL) SET IDENTITY_INSERT dbo.Formitems OFF END
IF NOT EXISTS (SELECT * FROM Formitems WHERE FormItemId = 1549) BEGIN SET IDENTITY_INSERT dbo.Formitems ON INSERT INTO Formitems (FormItemId, formsectionid, FormSectionGroupId, ItemType, ItemLabel, SortOrder, active, GlobalCodeCategory, ItemColumnName, ItemRequiresComment, ItemCommentColumnName, ItemWidth, MaximumLength, DropdownType, SharedTableName, StoredProcedureName, ValueField, TextField, MultilineEditFieldHeight, EachRadioButtonOnNewLine) VALUES(1549,208,392,'5363','',2,'Y',NULL,'MemoryComment','N',NULL,640,NULL,NULL,NULL,NULL,NULL,NULL,NULL,NULL) SET IDENTITY_INSERT dbo.Formitems OFF END
IF NOT EXISTS (SELECT * FROM Formitems WHERE FormItemId = 1550) BEGIN SET IDENTITY_INSERT dbo.Formitems ON INSERT INTO Formitems (FormItemId, formsectionid, FormSectionGroupId, ItemType, ItemLabel, SortOrder, active, GlobalCodeCategory, ItemColumnName, ItemRequiresComment, ItemCommentColumnName, ItemWidth, MaximumLength, DropdownType, SharedTableName, StoredProcedureName, ValueField, TextField, MultilineEditFieldHeight, EachRadioButtonOnNewLine) VALUES(1550,209,393,'5362','Add to Needs List',1,'Y',NULL,'RealityOrientationAddToNeedsList','N',NULL,NULL,NULL,NULL,NULL,NULL,NULL,NULL,NULL,NULL) SET IDENTITY_INSERT dbo.Formitems OFF END
IF NOT EXISTS (SELECT * FROM Formitems WHERE FormItemId = 1551) BEGIN SET IDENTITY_INSERT dbo.Formitems ON INSERT INTO Formitems (FormItemId, formsectionid, FormSectionGroupId, ItemType, ItemLabel, SortOrder, active, GlobalCodeCategory, ItemColumnName, ItemRequiresComment, ItemCommentColumnName, ItemWidth, MaximumLength, DropdownType, SharedTableName, StoredProcedureName, ValueField, TextField, MultilineEditFieldHeight, EachRadioButtonOnNewLine) VALUES(1551,209,393,'5374','',2,'Y',NULL,NULL,'N',NULL,NULL,NULL,NULL,NULL,NULL,NULL,NULL,NULL,NULL) SET IDENTITY_INSERT dbo.Formitems OFF END
IF NOT EXISTS (SELECT * FROM Formitems WHERE FormItemId = 1552) BEGIN SET IDENTITY_INSERT dbo.Formitems ON INSERT INTO Formitems (FormItemId, formsectionid, FormSectionGroupId, ItemType, ItemLabel, SortOrder, active, GlobalCodeCategory, ItemColumnName, ItemRequiresComment, ItemCommentColumnName, ItemWidth, MaximumLength, DropdownType, SharedTableName, StoredProcedureName, ValueField, TextField, MultilineEditFieldHeight, EachRadioButtonOnNewLine) VALUES(1552,209,394,'5362','intact',1,'Y',NULL,'RealityOrientationIntact','N',NULL,NULL,NULL,NULL,NULL,NULL,NULL,NULL,NULL,NULL) SET IDENTITY_INSERT dbo.Formitems OFF END
IF NOT EXISTS (SELECT * FROM Formitems WHERE FormItemId = 1553) BEGIN SET IDENTITY_INSERT dbo.Formitems ON INSERT INTO Formitems (FormItemId, formsectionid, FormSectionGroupId, ItemType, ItemLabel, SortOrder, active, GlobalCodeCategory, ItemColumnName, ItemRequiresComment, ItemCommentColumnName, ItemWidth, MaximumLength, DropdownType, SharedTableName, StoredProcedureName, ValueField, TextField, MultilineEditFieldHeight, EachRadioButtonOnNewLine) VALUES(1553,209,394,'5362','tenuous',2,'Y',NULL,'RealityOrientationTenuous','N',NULL,NULL,NULL,NULL,NULL,NULL,NULL,NULL,NULL,NULL) SET IDENTITY_INSERT dbo.Formitems OFF END
IF NOT EXISTS (SELECT * FROM Formitems WHERE FormItemId = 1554) BEGIN SET IDENTITY_INSERT dbo.Formitems ON INSERT INTO Formitems (FormItemId, formsectionid, FormSectionGroupId, ItemType, ItemLabel, SortOrder, active, GlobalCodeCategory, ItemColumnName, ItemRequiresComment, ItemCommentColumnName, ItemWidth, MaximumLength, DropdownType, SharedTableName, StoredProcedureName, ValueField, TextField, MultilineEditFieldHeight, EachRadioButtonOnNewLine) VALUES(1554,209,394,'5362','poor',3,'Y',NULL,'RealityOrientationPoor','N',NULL,NULL,NULL,NULL,NULL,NULL,NULL,NULL,NULL,NULL) SET IDENTITY_INSERT dbo.Formitems OFF END
IF NOT EXISTS (SELECT * FROM Formitems WHERE FormItemId = 1555) BEGIN SET IDENTITY_INSERT dbo.Formitems ON INSERT INTO Formitems (FormItemId, formsectionid, FormSectionGroupId, ItemType, ItemLabel, SortOrder, active, GlobalCodeCategory, ItemColumnName, ItemRequiresComment, ItemCommentColumnName, ItemWidth, MaximumLength, DropdownType, SharedTableName, StoredProcedureName, ValueField, TextField, MultilineEditFieldHeight, EachRadioButtonOnNewLine) VALUES(1555,209,395,'5362','Other/Comment',1,'Y',NULL,'RealityOrientationOther','N',NULL,NULL,NULL,NULL,NULL,NULL,NULL,NULL,NULL,NULL) SET IDENTITY_INSERT dbo.Formitems OFF END
IF NOT EXISTS (SELECT * FROM Formitems WHERE FormItemId = 1556) BEGIN SET IDENTITY_INSERT dbo.Formitems ON INSERT INTO Formitems (FormItemId, formsectionid, FormSectionGroupId, ItemType, ItemLabel, SortOrder, active, GlobalCodeCategory, ItemColumnName, ItemRequiresComment, ItemCommentColumnName, ItemWidth, MaximumLength, DropdownType, SharedTableName, StoredProcedureName, ValueField, TextField, MultilineEditFieldHeight, EachRadioButtonOnNewLine) VALUES(1556,209,395,'5363','',2,'Y',NULL,'RealityOrientationComment','N',NULL,640,NULL,NULL,NULL,NULL,NULL,NULL,NULL,NULL) SET IDENTITY_INSERT dbo.Formitems OFF END
IF NOT EXISTS (SELECT * FROM Formitems WHERE FormItemId = 1557) BEGIN SET IDENTITY_INSERT dbo.Formitems ON INSERT INTO Formitems (FormItemId, formsectionid, FormSectionGroupId, ItemType, ItemLabel, SortOrder, active, GlobalCodeCategory, ItemColumnName, ItemRequiresComment, ItemCommentColumnName, ItemWidth, MaximumLength, DropdownType, SharedTableName, StoredProcedureName, ValueField, TextField, MultilineEditFieldHeight, EachRadioButtonOnNewLine) VALUES(1557,198,396,'5363','',1,'Y',NULL,'AppearanceComment','N',NULL,640,NULL,NULL,NULL,NULL,NULL,NULL,NULL,NULL) SET IDENTITY_INSERT dbo.Formitems OFF END
IF NOT EXISTS (SELECT * FROM Formitems WHERE FormItemId = 1558) BEGIN SET IDENTITY_INSERT dbo.Formitems ON INSERT INTO Formitems (FormItemId, formsectionid, FormSectionGroupId, ItemType, ItemLabel, SortOrder, active, GlobalCodeCategory, ItemColumnName, ItemRequiresComment, ItemCommentColumnName, ItemWidth, MaximumLength, DropdownType, SharedTableName, StoredProcedureName, ValueField, TextField, MultilineEditFieldHeight, EachRadioButtonOnNewLine) VALUES(1558,199,397,'5363','',1,'Y',NULL,'IntellectualComment','N',NULL,640,NULL,NULL,NULL,NULL,NULL,NULL,NULL,NULL) SET IDENTITY_INSERT dbo.Formitems OFF END
IF NOT EXISTS (SELECT * FROM Formitems WHERE FormItemId = 1559) BEGIN SET IDENTITY_INSERT dbo.Formitems ON INSERT INTO Formitems (FormItemId, formsectionid, FormSectionGroupId, ItemType, ItemLabel, SortOrder, active, GlobalCodeCategory, ItemColumnName, ItemRequiresComment, ItemCommentColumnName, ItemWidth, MaximumLength, DropdownType, SharedTableName, StoredProcedureName, ValueField, TextField, MultilineEditFieldHeight, EachRadioButtonOnNewLine) VALUES(1559,205,382,'5362','Tremors/Tics',1,'Y',NULL,'BehaviorTremors','N',NULL,NULL,NULL,NULL,NULL,NULL,NULL,NULL,NULL,NULL) SET IDENTITY_INSERT dbo.Formitems OFF END